policy,total_value,energy_j,useful_tasks,j_per_task,raw_bits,transmitted_bits,bw_saving,median_latency_min,p95_latency_min,oom_count,energy_violation_count,on_count,pre_count,down_count,drop_count,on_pct,pre_pct,down_pct,drop_pct,residual_energy_j,min_energy_j,energy_overrun_j,mean_decision_ms,lambda_energy_final,lambda_bandwidth_final,lambda_energy_mean,lambda_bandwidth_mean,seed,variant,decode_mean_est,normalized_value
Deadline-Energy,3747.037656026518,58049.70900277334,260,223.26811154912824,141896346105.7374,105779966974.30736,25.452649150329123,15.415767963420148,71.4423141796664,0,0,65,0,195,0,25.0,0.0,75.0,0.0,91950.2909972267,91950.2909972267,0.0,0.009163462024074621,,,,,0,known,171,0.9651114118825784
Priority-Aware,3617.477246642703,71807.82541055996,259,277.2502911604632,141896346105.7374,89315751073.92041,37.05563707231426,20.631380747971463,110.33912208829416,0,0,78,12,170,0,30.0,4.615384615384615,65.38461538461539,0.0,78192.17458944001,78192.17458944001,0.0,0.0013646155891295236,,,,,0,known,171,0.9317409894040664
Heuristic-TVD,3882.4923318618953,149952.72988789337,255,588.0499211289936,141896346105.7374,42621549426.45103,69.96289855505471,1.0218073941260324,76.23202046570702,0,0,168,0,92,0,64.61538461538461,0.0,35.38461538461539,0.0,47.27011210666029,47.27011210666029,0.0,0.013361537891726654,,,,,0,known,171,1.0
Deadline-Energy,3747.037656026518,58049.70900277334,260,223.26811154912824,141896346105.7374,105779966974.30736,25.452649150329123,15.415767963420148,71.4423141796664,0,0,65,0,195,0,25.0,0.0,75.0,0.0,91950.2909972267,91950.2909972267,0.0,0.009344231959683104,,,,,0,expected-only,171,0.9849695132310228
Priority-Aware,3617.477246642703,71807.82541055996,259,277.2502911604632,141896346105.7374,89315751073.92041,37.05563707231426,20.631380747971463,110.33912208829416,0,0,78,12,170,0,30.0,4.615384615384615,65.38461538461539,0.0,78192.17458944001,78192.17458944001,0.0,0.001351537447100362,,,,,0,expected-only,171,0.9509124620136316
Heuristic-TVD,3804.216887622244,149384.86726058676,254,588.1293986637274,141896346105.7374,48276644222.80509,65.97752828192587,1.079645548510598,727.2933025048802,0,0,157,0,103,0,60.38461538461539,0.0,39.61538461538461,0.0,615.1327394133332,615.1327394133332,0.0,0.012836923549632328,,,,,0,expected-only,171,1.0
Deadline-Energy,3747.037656026518,58049.70900277334,260,223.26811154912824,141896346105.7374,105779966974.30736,25.452649150329123,15.415767963420148,71.4423141796664,0,0,65,0,195,0,25.0,0.0,75.0,0.0,91950.2909972267,91950.2909972267,0.0,0.008978461398958014,,,,,0,noisy-estimate,171,0.969942425725924
Priority-Aware,3617.477246642703,71807.82541055996,259,277.2502911604632,141896346105.7374,89315751073.92041,37.05563707231426,20.631380747971463,110.33912208829416,0,0,78,12,170,0,30.0,4.615384615384615,65.38461538461539,0.0,78192.17458944001,78192.17458944001,0.0,0.0013796140242797823,,,,,0,noisy-estimate,171,0.9364049624571289
Heuristic-TVD,3863.15471582982,149589.87267957334,254,588.9365066124934,141896346105.7374,41937916123.17055,70.4446821400746,0.9832486245364028,724.3631319727727,0,1,168,0,92,0,64.61538461538461,0.0,35.38461538461539,0.0,410.12732042666266,410.12732042666266,0.0,0.013844232195809197,,,,,0,noisy-estimate,171,1.0
Deadline-Energy,3751.5517368579794,23741.914275200004,260,91.31505490461541,141896346105.7374,105779966974.30736,25.452649150329123,15.415767963420148,71.4423141796664,0,0,65,0,195,0,25.0,0.0,75.0,0.0,126258.08572480024,126258.08572480024,0.0,0.009033846324130606,,,,,0,cap-64,171,0.8707997757880916
Priority-Aware,3624.700617530663,29515.684403413357,259,113.96017144175042,141896346105.7374,89315751073.92041,37.05563707231426,20.631380747971463,110.33912208829416,0,0,78,12,170,0,30.0,4.615384615384615,65.38461538461539,0.0,120484.31559658691,120484.31559658691,0.0,0.001346537632903514,,,,,0,cap-64,171,0.8413554460768851
Heuristic-TVD,4308.1680096469345,98493.6969484801,260,378.8219113403081,141896346105.7374,0.0,100.0,0.582986601118076,1.2473552171411635,0,0,260,0,0,0,100.0,0.0,0.0,0.0,51506.30305151965,51506.30305151965,0.0,0.012980769343602542,,,,,0,cap-64,171,1.0
Deadline-Energy,3749.030466074939,42254.51370474667,260,162.51736040287182,141896346105.7374,105779966974.30736,25.452649150329123,15.415767963420148,71.4423141796664,0,0,65,0,195,0,25.0,0.0,75.0,0.0,107745.48629525334,107745.48629525334,0.0,0.009388846564643945,,,,,0,cap-128,171,0.8995580159815671
Priority-Aware,3620.564731524403,52760.901406080025,259,203.71004403891902,141896346105.7374,89315751073.92041,37.05563707231426,20.631380747971463,110.33912208829416,0,0,78,12,170,0,30.0,4.615384615384615,65.38461538461539,0.0,97239.09859392005,97239.09859392005,0.0,0.0014296148527556886,,,,,0,cap-128,171,0.8687334115032571
Heuristic-TVD,4167.636105142284,149540.77505130653,258,579.6154071756067,141896346105.7374,14605178504.618141,89.70714968676167,0.6278317242809862,29.379321664541923,0,0,223,0,37,0,85.76923076923077,0.0,14.23076923076923,0.0,459.22494869337226,459.22494869337226,0.0,0.014328076772821637,,,,,0,cap-128,171,1.0
Deadline-Energy,3747.037656026518,58049.70900277334,260,223.26811154912824,141896346105.7374,105779966974.30736,25.452649150329123,15.415767963420148,71.4423141796664,0,0,65,0,195,0,25.0,0.0,75.0,0.0,91950.2909972267,91950.2909972267,0.0,0.009422690625517415,,,,,0,cap-256,171,0.9651114118825784
Priority-Aware,3617.477246642703,71807.82541055996,259,277.2502911604632,141896346105.7374,89315751073.92041,37.05563707231426,20.631380747971463,110.33912208829416,0,0,78,12,170,0,30.0,4.615384615384615,65.38461538461539,0.0,78192.17458944001,78192.17458944001,0.0,0.0013684633393915226,,,,,0,cap-256,171,0.9317409894040664
Heuristic-TVD,3882.4923318618953,149952.72988789337,255,588.0499211289936,141896346105.7374,42621549426.45103,69.96289855505471,1.0218073941260324,76.23202046570702,0,0,168,0,92,0,64.61538461538461,0.0,35.38461538461539,0.0,47.27011210666029,47.27011210666029,0.0,0.014069229431557827,,,,,0,cap-256,171,1.0
Deadline-Energy,3857.038359997837,69168.98741205335,260,266.03456696943596,138183152908.2682,97623791629.69403,29.35188583046674,10.28411112853179,72.25500075728323,0,0,72,0,188,0,27.692307692307693,0.0,72.3076923076923,0.0,80831.01258794659,80831.01258794659,0.0,0.010134614533923853,,,,,1,known,171,0.9762447363577478
Priority-Aware,3730.4177721467545,81370.69273706671,260,312.96420283487197,138183152908.2682,83081342987.12921,39.87592464163695,12.934506397489773,79.30292719235098,0,0,87,10,163,0,33.46153846153846,3.8461538461538463,62.69230769230769,0.0,68629.3072629333,68629.3072629333,0.0,0.0014084639797846859,,,,,1,known,171,0.9441961356266385
Heuristic-TVD,3950.892861546158,149571.7581421866,258,579.7354966751418,138183152908.2682,39288217251.275154,71.56801214591164,0.9832486245364028,79.30292719235098,0,0,169,0,91,0,65.0,0.0,35.0,0.0,428.24185781330334,428.24185781330334,0.0,0.01370346211702921,,,,,1,known,171,1.0
Deadline-Energy,3857.038359997837,69168.98741205335,260,266.03456696943596,138183152908.2682,97623791629.69403,29.35188583046674,10.28411112853179,72.25500075728323,0,0,72,0,188,0,27.692307692307693,0.0,72.3076923076923,0.0,80831.01258794659,80831.01258794659,0.0,0.010243846918456256,,,,,1,expected-only,171,0.9736468310047285
Priority-Aware,3730.4177721467545,81370.69273706671,260,312.96420283487197,138183152908.2682,83081342987.12921,39.87592464163695,12.934506397489773,79.30292719235098,0,0,87,10,163,0,33.46153846153846,3.8461538461538463,62.69230769230769,0.0,68629.3072629333,68629.3072629333,0.0,0.001529999896704864,,,,,1,expected-only,171,0.9416835154775188
Heuristic-TVD,3961.4347186008613,149704.1661182933,258,580.2487058848577,138183152908.2682,43271517014.74693,68.68538884514209,0.9886162274237601,78.04393456202088,0,0,162,0,98,0,62.30769230769231,0.0,37.69230769230769,0.0,295.8338817066423,295.8338817066423,0.0,0.015798845561221242,,,,,1,expected-only,171,1.0
Deadline-Energy,3857.038359997837,69168.98741205335,260,266.03456696943596,138183152908.2682,97623791629.69403,29.35188583046674,10.28411112853179,72.25500075728323,0,0,72,0,188,0,27.692307692307693,0.0,72.3076923076923,0.0,80831.01258794659,80831.01258794659,0.0,0.009709230709212044,,,,,1,noisy-estimate,171,0.9596141474880987
Priority-Aware,3730.4177721467545,81370.69273706671,260,312.96420283487197,138183152908.2682,83081342987.12921,39.87592464163695,12.934506397489773,79.30292719235098,0,0,87,10,163,0,33.46153846153846,3.8461538461538463,62.69230769230769,0.0,68629.3072629333,68629.3072629333,0.0,0.0015311548710227585,,,,,1,noisy-estimate,171,0.9281115031988088
Heuristic-TVD,4019.363793347651,149730.0509491199,259,578.1083048228568,138183152908.2682,39548309619.21015,71.37978922404238,0.9832486245364028,72.3896206896573,0,0,173,2,85,0,66.53846153846153,0.7692307692307693,32.69230769230769,0.0,269.94905087997154,269.94905087997154,0.0,0.01497769329804354,,,,,1,noisy-estimate,171,1.0
Deadline-Energy,3862.507893381318,26678.48185493335,260,102.6095455958975,138183152908.2682,97623791629.69403,29.35188583046674,10.28411112853179,72.25500075728323,0,0,72,0,188,0,27.692307692307693,0.0,72.3076923076923,0.0,123321.51814506677,123321.51814506677,0.0,0.01020730649962878,,,,,1,cap-64,171,0.8889978177156709
Priority-Aware,3738.2070266046944,32066.228070933354,260,123.33164642666675,138183152908.2682,83081342987.12921,39.87592464163695,12.934506397489773,79.30292719235098,0,0,87,10,163,0,33.46153846153846,3.8461538461538463,62.69230769230769,0.0,117933.77192906685,117933.77192906685,0.0,0.0014146161937298109,,,,,1,cap-64,171,0.8603886336428203
Heuristic-TVD,4344.788948195897,95823.52806741341,260,368.5520310285131,138183152908.2682,0.0,100.0,0.5829866011180457,1.247355217141168,0,0,260,0,0,0,100.0,0.0,0.0,0.0,54176.471932586486,54176.471932586486,0.0,0.014138845346259097,,,,,1,cap-64,171,1.0
Deadline-Energy,3859.7381846956955,49213.12080074667,260,189.28123384902565,138183152908.2682,97623791629.69403,29.35188583046674,10.28411112853179,72.25500075728323,0,0,72,0,188,0,27.692307692307693,0.0,72.3076923076923,0.0,100786.8791992533,100786.8791992533,0.0,0.0105857698005051,,,,,1,cap-128,171,0.9015910436622936
Priority-Aware,3734.21580642497,58863.282486933334,260,226.39724033435897,138183152908.2682,83081342987.12921,39.87592464163695,12.934506397489773,79.30292719235098,0,0,87,10,163,0,33.46153846153846,3.8461538461538463,62.69230769230769,0.0,91136.71751306675,91136.71751306675,0.0,0.0016919240946523272,,,,,1,cap-128,171,0.8722704403952617
Heuristic-TVD,4281.02986584395,147077.15415498658,260,565.6813621345638,138183152908.2682,17573613098.839046,87.2823765205986,0.6278317242809862,29.494340895069076,0,0,225,0,35,0,86.53846153846153,0.0,13.461538461538462,0.0,2922.8458450134344,2922.8458450134344,0.0,0.0150384620960372,,,,,1,cap-128,171,1.0
Deadline-Energy,3857.038359997837,69168.98741205335,260,266.03456696943596,138183152908.2682,97623791629.69403,29.35188583046674,10.28411112853179,72.25500075728323,0,0,72,0,188,0,27.692307692307693,0.0,72.3076923076923,0.0,80831.01258794659,80831.01258794659,0.0,0.00991846273581569,,,,,1,cap-256,171,0.9762447363577478
Priority-Aware,3730.4177721467545,81370.69273706671,260,312.96420283487197,138183152908.2682,83081342987.12921,39.87592464163695,12.934506397489773,79.30292719235098,0,0,87,10,163,0,33.46153846153846,3.8461538461538463,62.69230769230769,0.0,68629.3072629333,68629.3072629333,0.0,0.0014265393614410781,,,,,1,cap-256,171,0.9441961356266385
Heuristic-TVD,3950.892861546158,149571.7581421866,258,579.7354966751418,138183152908.2682,39288217251.275154,71.56801214591164,0.9832486245364028,79.30292719235098,0,0,169,0,91,0,65.0,0.0,35.0,0.0,428.24185781330334,428.24185781330334,0.0,0.014090768504851999,,,,,1,cap-256,171,1.0
Deadline-Energy,3772.396708012707,71163.84858981332,260,273.70710996082045,143551818802.25815,100349432288.78314,30.09532507072311,12.860969370166428,71.43436513271442,0,0,71,1,188,0,27.307692307692307,0.38461538461538464,72.3076923076923,0.0,78836.15141018668,78836.15141018668,0.0,0.009965384602904893,,,,,2,known,171,0.9842870551834726
Priority-Aware,3584.112271606004,70468.98847098667,260,271.03457104225646,143551818802.25815,81765352376.60277,43.0412285550808,21.402373422387853,78.4072189003879,0,0,74,15,171,0,28.46153846153846,5.769230769230769,65.76923076923077,0.0,79531.01152901343,79531.01152901343,0.0,0.0015030778460921003,,,,,2,known,171,0.9351602141346522
Heuristic-TVD,3832.618429904604,149875.4171290666,254,590.0606973585299,143551818802.25815,42153956555.43225,70.63502440641376,0.7668729075820011,111.32618025258745,0,0,167,0,93,0,64.23076923076923,0.0,35.76923076923077,0.0,124.58287093335002,124.58287093335002,0.0,0.014336154205151476,,,,,2,known,171,1.0
Deadline-Energy,3772.396708012707,71163.84858981332,260,273.70710996082045,143551818802.25815,100349432288.78314,30.09532507072311,12.860969370166428,71.43436513271442,0,0,71,1,188,0,27.307692307692307,0.38461538461538464,72.3076923076923,0.0,78836.15141018668,78836.15141018668,0.0,0.010013846062625257,,,,,2,expected-only,171,0.9867143445586469
Priority-Aware,3584.112271606004,70468.98847098667,260,271.03457104225646,143551818802.25815,81765352376.60277,43.0412285550808,21.402373422387853,78.4072189003879,0,0,74,15,171,0,28.46153846153846,5.769230769230769,65.76923076923077,0.0,79531.01152901343,79531.01152901343,0.0,0.0014257699009389258,,,,,2,expected-only,171,0.9374663548482793
Heuristic-TVD,3823.1902969851767,149734.81502111998,254,589.5071457524409,143551818802.25815,47693453903.840675,66.77614097698188,0.9832486245364028,111.32618025258745,0,0,160,0,100,0,61.53846153846154,0.0,38.46153846153846,0.0,265.184978880038,265.184978880038,0.0,0.013729231655955888,,,,,2,expected-only,171,1.0
Deadline-Energy,3772.396708012707,71163.84858981332,260,273.70710996082045,143551818802.25815,100349432288.78314,30.09532507072311,12.860969370166428,71.43436513271442,0,0,71,1,188,0,27.307692307692307,0.38461538461538464,72.3076923076923,0.0,78836.15141018668,78836.15141018668,0.0,0.010386152448168455,,,,,2,noisy-estimate,171,0.993429118203467
Priority-Aware,3584.112271606004,70468.98847098667,260,271.03457104225646,143551818802.25815,81765352376.60277,43.0412285550808,21.402373422387853,78.4072189003879,0,0,74,15,171,0,28.46153846153846,5.769230769230769,65.76923076923077,0.0,79531.01152901343,79531.01152901343,0.0,0.0018076919681894092,,,,,2,noisy-estimate,171,0.9438459868128439
Heuristic-TVD,3797.3486370469686,149923.21600762662,254,590.2488819197898,143551818802.25815,40052553592.018486,72.09888810451739,0.721079132218559,736.1451219664093,0,0,168,1,91,0,64.61538461538461,0.38461538461538464,35.0,0.0,76.78399237335884,76.78399237335884,0.0,0.01579038451801842,,,,,2,noisy-estimate,171,1.0
Deadline-Energy,3777.9909824329184,26294.633132320017,260,101.13320435507698,143551818802.25815,100349432288.78314,30.09532507072311,12.860969370166428,71.43436513271442,0,0,71,1,188,0,27.307692307692307,0.38461538461538464,72.3076923076923,0.0,123705.36686768006,123705.36686768006,0.0,0.01069846027978481,,,,,2,cap-64,171,0.8818505306204713
Priority-Aware,3590.386404582318,28398.50408176002,260,109.225015699077,143551818802.25815,81765352376.60277,43.0412285550808,21.402373422387853,78.4072189003879,0,0,74,15,171,0,28.46153846153846,5.769230769230769,65.76923076923077,0.0,121601.49591824008,121601.49591824008,0.0,0.0019903840998617504,,,,,2,cap-64,171,0.8380602734987236
Heuristic-TVD,4284.162509688256,94076.91391680014,260,361.83428429538515,143551818802.25815,0.0,100.0,0.500776444246488,1.2473552171411333,0,0,260,0,0,0,100.0,0.0,0.0,0.0,55923.08608319992,55923.08608319992,0.0,0.01492307760949748,,,,,2,cap-64,171,1.0
Deadline-Energy,3775.293891635759,47528.51415354666,260,182.801977513641,143551818802.25815,100349432288.78314,30.09532507072311,12.860969370166428,71.43436513271442,0,0,71,1,188,0,27.307692307692307,0.38461538461538464,72.3076923076923,0.0,102471.48584645335,102471.48584645335,0.0,0.009370384325918097,,,,,2,cap-128,171,0.8881339473125845
Priority-Aware,3587.181494593402,49624.64201701332,260,190.86400775774354,143551818802.25815,81765352376.60277,43.0412285550808,21.402373422387853,78.4072189003879,0,0,74,15,171,0,28.46153846153846,5.769230769230769,65.76923076923077,0.0,100375.35798298677,100375.35798298677,0.0,0.0015646168881525786,,,,,2,cap-128,171,0.8438807022622309
Heuristic-TVD,4250.815885441005,149300.65063317315,260,574.2332716660505,143551818802.25815,17722770160.26528,87.65409570694587,0.5613074467860012,6.425783314291526,0,0,232,0,28,0,89.23076923076923,0.0,10.76923076923077,0.0,699.3493668267699,699.3493668267699,0.0,0.014273461979778053,,,,,2,cap-128,171,1.0
Deadline-Energy,3772.396708012707,71163.84858981332,260,273.70710996082045,143551818802.25815,100349432288.78314,30.09532507072311,12.860969370166428,71.43436513271442,0,0,71,1,188,0,27.307692307692307,0.38461538461538464,72.3076923076923,0.0,78836.15141018668,78836.15141018668,0.0,0.009944230483737417,,,,,2,cap-256,171,0.9842870551834726
Priority-Aware,3584.112271606004,70468.98847098667,260,271.03457104225646,143551818802.25815,81765352376.60277,43.0412285550808,21.402373422387853,78.4072189003879,0,0,74,15,171,0,28.46153846153846,5.769230769230769,65.76923076923077,0.0,79531.01152901343,79531.01152901343,0.0,0.0016334617752223634,,,,,2,cap-256,171,0.9351602141346522
Heuristic-TVD,3832.618429904604,149875.4171290666,254,590.0606973585299,143551818802.25815,42153956555.43225,70.63502440641376,0.7668729075820011,111.32618025258745,0,0,167,0,93,0,64.23076923076923,0.0,35.76923076923077,0.0,124.58287093335002,124.58287093335002,0.0,0.013910384418872686,,,,,2,cap-256,171,1.0
Deadline-Energy,3844.9481927810575,71697.5270752,260,275.75971952000003,145714942829.99643,109056964346.36604,25.157322764350077,15.42668608128982,77.05464053457004,0,0,73,0,187,0,28.076923076923077,0.0,71.92307692307692,0.0,78302.47292479995,78302.47292479995,0.0,0.010398461241633274,,,,,3,known,171,0.9646914194077069
Priority-Aware,3776.5955203922576,77461.86944597335,260,297.9302670998975,145714942829.99643,96411603040.62616,33.83547276060204,16.769847643845956,78.1803292091174,0,0,81,12,167,0,31.153846153846153,4.615384615384615,64.23076923076923,0.0,72538.1305540266,72538.1305540266,0.0,0.0014080748839590412,,,,,3,known,171,0.9475418420295608
Heuristic-TVD,3985.6767826770415,149921.3306329599,257,583.3514810621008,145714942829.99643,48351527943.053314,66.81772850196677,1.0025280093312177,67.95993451600984,0,0,165,0,95,0,63.46153846153846,0.0,36.53846153846154,0.0,78.66936704002819,78.66936704002819,0.0,0.013776922647733815,,,,,3,known,171,1.0
Deadline-Energy,3844.9481927810575,71697.5270752,260,275.75971952000003,145714942829.99643,109056964346.36604,25.157322764350077,15.42668608128982,77.05464053457004,0,0,73,0,187,0,28.076923076923077,0.0,71.92307692307692,0.0,78302.47292479995,78302.47292479995,0.0,0.010058077280588735,,,,,3,expected-only,171,0.9631643725680826
Priority-Aware,3776.5955203922576,77461.86944597335,260,297.9302670998975,145714942829.99643,96411603040.62616,33.83547276060204,16.769847643845956,78.1803292091174,0,0,81,12,167,0,31.153846153846153,4.615384615384615,64.23076923076923,0.0,72538.1305540266,72538.1305540266,0.0,0.0014984594040120451,,,,,3,expected-only,171,0.9460419419100269
Heuristic-TVD,3991.995865180605,149512.88615935994,257,581.762202954708,145714942829.99643,54828579603.296974,62.3727130941782,1.0218073941260324,67.95993451600984,0,0,157,0,103,0,60.38461538461539,0.0,39.61538461538461,0.0,487.1138406400287,487.1138406400287,0.0,0.013613074686593162,,,,,3,expected-only,171,1.0
Deadline-Energy,3844.9481927810575,71697.5270752,260,275.75971952000003,145714942829.99643,109056964346.36604,25.157322764350077,15.42668608128982,77.05464053457004,0,0,73,0,187,0,28.076923076923077,0.0,71.92307692307692,0.0,78302.47292479995,78302.47292479995,0.0,0.01064384671805713,,,,,3,noisy-estimate,171,0.961859001043105
Priority-Aware,3776.5955203922576,77461.86944597335,260,297.9302670998975,145714942829.99643,96411603040.62616,33.83547276060204,16.769847643845956,78.1803292091174,0,0,81,12,167,0,31.153846153846153,4.615384615384615,64.23076923076923,0.0,72538.1305540266,72538.1305540266,0.0,0.0015392314078501211,,,,,3,noisy-estimate,171,0.944759776323782
Heuristic-TVD,3997.413538378635,149514.16562527991,257,581.7671814213227,145714942829.99643,50423642193.10791,65.3956957235769,0.9832486245364028,64.2860010873058,0,2,169,0,91,0,65.0,0.0,35.0,0.0,485.8343747200297,485.8343747200297,0.0,0.013681538537359582,,,,,3,noisy-estimate,171,1.0
Deadline-Energy,3851.6511351443087,27569.645014186677,260,106.03709620841029,145714942829.99643,109056964346.36604,25.157322764350077,15.42668608128982,77.05464053457004,0,0,73,0,187,0,28.076923076923077,0.0,71.92307692307692,0.0,122430.35498581346,122430.35498581346,0.0,0.009631153303556718,,,,,3,cap-64,171,0.8808631593528833
Priority-Aware,3784.128810762501,30327.798440106693,260,116.64537861579497,145714942829.99643,96411603040.62616,33.83547276060204,16.769847643845956,78.1803292091174,0,0,81,12,167,0,31.153846153846153,4.615384615384615,64.23076923076923,0.0,119672.20155989352,119672.20155989352,0.0,0.0014811533709199955,,,,,3,cap-64,171,0.8654209695244472
Heuristic-TVD,4372.587381193105,94729.70688704011,260,364.3450264886158,145714942829.99643,0.0,100.0,0.582986601118076,1.2851783849623155,0,0,260,0,0,0,100.0,0.0,0.0,0.0,55270.29311295977,55270.29311295977,0.0,0.013668076784457438,,,,,3,cap-64,171,1.0
Deadline-Energy,3848.207117375645,49154.54893728,260,189.05595745107692,145714942829.99643,109056964346.36604,25.157322764350077,15.42668608128982,77.05464053457004,0,0,73,0,187,0,28.076923076923077,0.0,71.92307692307692,0.0,100845.45106271995,100845.45106271995,0.0,0.01073461406541845,,,,,3,cap-128,171,0.892871250822353
Priority-Aware,3780.2331830807493,53822.12989034666,260,207.0081918859487,145714942829.99643,96411603040.62616,33.83547276060204,16.769847643845956,78.1803292091174,0,0,81,12,167,0,31.153846153846153,4.615384615384615,64.23076923076923,0.0,96177.87010965326,96177.87010965326,0.0,0.0015111532635413683,,,,,3,cap-128,171,0.8770997577904005
Heuristic-TVD,4309.923870693973,145607.89687423987,260,560.0303725932303,145714942829.99643,16058076431.010904,88.97980116579696,0.6278317242809862,17.69079812324053,0,0,228,0,32,0,87.6923076923077,0.0,12.307692307692308,0.0,4392.103125760186,4392.103125760186,0.0,0.015400384794562481,,,,,3,cap-128,171,1.0
Deadline-Energy,3844.9481927810575,71697.5270752,260,275.75971952000003,145714942829.99643,109056964346.36604,25.157322764350077,15.42668608128982,77.05464053457004,0,0,73,0,187,0,28.076923076923077,0.0,71.92307692307692,0.0,78302.47292479995,78302.47292479995,0.0,0.010194231267982664,,,,,3,cap-256,171,0.9646914194077069
Priority-Aware,3776.5955203922576,77461.86944597335,260,297.9302670998975,145714942829.99643,96411603040.62616,33.83547276060204,16.769847643845956,78.1803292091174,0,0,81,12,167,0,31.153846153846153,4.615384615384615,64.23076923076923,0.0,72538.1305540266,72538.1305540266,0.0,0.0014780757527870054,,,,,3,cap-256,171,0.9475418420295608
Heuristic-TVD,3985.6767826770415,149921.3306329599,257,583.3514810621008,145714942829.99643,48351527943.053314,66.81772850196677,1.0025280093312177,67.95993451600984,0,0,165,0,95,0,63.46153846153846,0.0,36.53846153846154,0.0,78.66936704002819,78.66936704002819,0.0,0.015089616555577287,,,,,3,cap-256,171,1.0
Deadline-Energy,3856.879439805607,72710.54138586667,260,279.6559284071795,143751290598.0329,96634432667.29465,32.77665037630138,11.325929860212394,73.14807775617477,0,0,79,1,180,0,30.384615384615383,0.38461538461538464,69.23076923076923,0.0,77289.45861413333,77289.45861413333,0.0,0.009773461631714152,,,,,4,known,171,0.976602024845582
Priority-Aware,3747.2334643115846,79116.98688778667,260,304.29610341456413,143751290598.0329,78843845988.82722,45.15259956218708,14.598307059213402,722.8285196627825,0,0,88,14,158,0,33.84615384615385,5.384615384615385,60.76923076923077,0.0,70883.01311221336,70883.01311221336,0.0,0.0016749994336770703,,,,,4,known,171,0.9488385224196342
Heuristic-TVD,3949.284705215973,149888.1055233066,259,578.718554144041,143751290598.0329,39489818184.92574,72.52906876825902,1.0777419947470057,722.8285196627825,0,0,167,0,93,0,64.23076923076923,0.0,35.76923076923077,0.0,111.89447669336346,111.89447669336346,0.0,0.014553460977577534,,,,,4,known,171,1.0
Deadline-Energy,3856.879439805607,72710.54138586667,260,279.6559284071795,143751290598.0329,96634432667.29465,32.77665037630138,11.325929860212394,73.14807775617477,0,0,79,1,180,0,30.384615384615383,0.38461538461538464,69.23076923076923,0.0,77289.45861413333,77289.45861413333,0.0,0.01110000090333275,,,,,4,expected-only,171,0.999402174347888
Priority-Aware,3747.2334643115846,79116.98688778667,260,304.29610341456413,143751290598.0329,78843845988.82722,45.15259956218708,14.598307059213402,722.8285196627825,0,0,88,14,158,0,33.84615384615385,5.384615384615385,60.76923076923077,0.0,70883.01311221336,70883.01311221336,0.0,0.001418461145546574,,,,,4,expected-only,171,0.9709904938617735
Heuristic-TVD,3859.1865605277762,149622.96181791998,259,577.6948332738223,143751290598.0329,41511176989.94883,71.12291874580438,1.079645548510598,722.8285196627825,0,2,158,0,102,0,60.76923076923077,0.0,39.23076923076923,0.0,377.0381820800403,377.0381820800403,0.0,0.013972693033373127,,,,,4,expected-only,171,1.0
Deadline-Energy,3856.879439805607,72710.54138586667,260,279.6559284071795,143751290598.0329,96634432667.29465,32.77665037630138,11.325929860212394,73.14807775617477,0,0,79,1,180,0,30.384615384615383,0.38461538461538464,69.23076923076923,0.0,77289.45861413333,77289.45861413333,0.0,0.010498462898585085,,,,,4,noisy-estimate,171,0.9801066678024375
Priority-Aware,3747.2334643115846,79116.98688778667,260,304.29610341456413,143751290598.0329,78843845988.82722,45.15259956218708,14.598307059213402,722.8285196627825,0,0,88,14,158,0,33.84615384615385,5.384615384615385,60.76923076923077,0.0,70883.01311221336,70883.01311221336,0.0,0.0014169247991118866,,,,,4,noisy-estimate,171,0.9522435330178017
Heuristic-TVD,3935.162943492032,149544.9697194133,260,575.1729604592819,143751290598.0329,41775275049.71334,70.93920000584329,1.0684849718715972,78.0157973414595,0,1,167,1,92,0,64.23076923076923,0.38461538461538464,35.38461538461539,0.0,455.0302805866979,455.0302805866979,0.0,0.013064615352330012,,,,,4,noisy-estimate,171,1.0
Deadline-Energy,3863.424194924447,28501.445238560016,260,109.62094322523083,143751290598.0329,96634432667.29465,32.77665037630138,11.325929860212394,73.14807775617477,0,0,79,1,180,0,30.384615384615383,0.38461538461538464,69.23076923076923,0.0,121498.55476144011,121498.55476144011,0.0,0.00953076859542097,,,,,4,cap-64,171,0.8809817815412985
Priority-Aware,3755.4385690539893,31959.11166026668,260,122.91966023179492,143751290598.0329,78843845988.82722,45.15259956218708,14.598307059213402,722.8285196627825,0,0,88,14,158,0,33.84615384615385,5.384615384615385,60.76923076923077,0.0,118040.88833973368,118040.88833973368,0.0,0.0014249999926855357,,,,,4,cap-64,171,0.8563576749818405
Heuristic-TVD,4385.362190084447,97659.54618368011,260,375.6136391680004,143751290598.0329,0.0,100.0,0.582986601118076,1.2475442000585735,0,0,260,0,0,0,100.0,0.0,0.0,0.0,52340.45381631983,52340.45381631983,0.0,0.013891539352838524,,,,,4,cap-64,171,1.0
Deadline-Energy,3860.1370993065416,51061.831172853315,260,196.39165835712814,143751290598.0329,96634432667.29465,32.77665037630138,11.325929860212394,73.14807775617477,0,0,79,1,180,0,30.384615384615383,0.38461538461538464,69.23076923076923,0.0,98938.16882714667,98938.16882714667,0.0,0.009809615193472173,,,,,4,cap-128,171,0.9060408176257824
Priority-Aware,3751.159679452972,56856.99330005334,260,218.68074346174362,143751290598.0329,78843845988.82722,45.15259956218708,14.598307059213402,722.8285196627825,0,0,88,14,158,0,33.84615384615385,5.384615384615385,60.76923076923077,0.0,93143.00669994671,93143.00669994671,0.0,0.0014919221240024155,,,,,4,cap-128,171,0.8804619358278757
Heuristic-TVD,4260.445030966447,148328.39010762662,260,570.4938081062562,143751290598.0329,18092491659.737568,87.41403184314427,0.6713495368931035,29.59888379036363,0,0,224,0,36,0,86.15384615384616,0.0,13.846153846153847,0.0,1671.6098923734774,1671.6098923734774,0.0,0.014088076288596941,,,,,4,cap-128,171,1.0
Deadline-Energy,3856.879439805607,72710.54138586667,260,279.6559284071795,143751290598.0329,96634432667.29465,32.77665037630138,11.325929860212394,73.14807775617477,0,0,79,1,180,0,30.384615384615383,0.38461538461538464,69.23076923076923,0.0,77289.45861413333,77289.45861413333,0.0,0.009596153260925068,,,,,4,cap-256,171,0.976602024845582
Priority-Aware,3747.2334643115846,79116.98688778667,260,304.29610341456413,143751290598.0329,78843845988.82722,45.15259956218708,14.598307059213402,722.8285196627825,0,0,88,14,158,0,33.84615384615385,5.384615384615385,60.76923076923077,0.0,70883.01311221336,70883.01311221336,0.0,0.001511537881854635,,,,,4,cap-256,171,0.9488385224196342
Heuristic-TVD,3949.284705215973,149888.1055233066,259,578.718554144041,143751290598.0329,39489818184.92574,72.52906876825902,1.0777419947470057,722.8285196627825,0,0,167,0,93,0,64.23076923076923,0.0,35.76923076923077,0.0,111.89447669336346,111.89447669336346,0.0,0.014591923368593248,,,,,4,cap-256,171,1.0
Deadline-Energy,3736.392823105972,55724.94501317332,260,214.32671158912814,145966253614.7567,115042162606.88376,21.185781125471483,16.026909080403055,71.36271956499577,0,0,59,1,200,0,22.692307692307693,0.38461538461538464,76.92307692307692,0.0,94275.05498682667,94275.05498682667,0.0,0.0095646145592372,,,,,5,known,171,0.948997807285672
Priority-Aware,3721.6376738607496,81787.42338042668,260,314.5670130016411,145966253614.7567,97435093163.56842,33.24820583480533,16.058096002124003,74.03864247899895,0,0,85,9,166,0,32.69230769230769,3.4615384615384617,63.84615384615385,0.0,68212.57661957334,68212.57661957334,0.0,0.001670384909420346,,,,,5,known,171,0.9452501809137079
Heuristic-TVD,3937.198584043962,149787.40836597333,259,578.3297620307851,145966253614.7567,52641966177.041336,63.935522853126514,0.9832486245364028,61.70983823207116,0,0,166,0,94,0,63.84615384615385,0.0,36.15384615384615,0.0,212.5916340266608,212.5916340266608,0.0,0.013131923557151683,,,,,5,known,171,1.0
Deadline-Energy,3736.392823105972,55724.94501317332,260,214.32671158912814,145966253614.7567,115042162606.88376,21.185781125471483,16.026909080403055,71.36271956499577,0,0,59,1,200,0,22.692307692307693,0.38461538461538464,76.92307692307692,0.0,94275.05498682667,94275.05498682667,0.0,0.009210385010541918,,,,,5,expected-only,171,0.9654547154462867
Priority-Aware,3721.6376738607496,81787.42338042668,260,314.5670130016411,145966253614.7567,97435093163.56842,33.24820583480533,16.058096002124003,74.03864247899895,0,0,85,9,166,0,32.69230769230769,3.4615384615384617,63.84615384615385,0.0,68212.57661957334,68212.57661957334,0.0,0.0015623077230814558,,,,,5,expected-only,171,0.9616421001538529
Heuristic-TVD,3870.086046841466,149675.05447653332,259,577.8959632298584,145966253614.7567,57653206273.90568,60.50237308544779,1.0458927994951637,60.80453891579998,0,1,157,1,102,0,60.38461538461539,0.38461538461538464,39.23076923076923,0.0,324.94552346667047,324.94552346667047,0.0,0.013421922743033905,,,,,5,expected-only,171,1.0
Deadline-Energy,3736.392823105972,55724.94501317332,260,214.32671158912814,145966253614.7567,115042162606.88376,21.185781125471483,16.026909080403055,71.36271956499577,0,0,59,1,200,0,22.692307692307693,0.38461538461538464,76.92307692307692,0.0,94275.05498682667,94275.05498682667,0.0,0.010045384764313124,,,,,5,noisy-estimate,171,0.9591997601832071
Priority-Aware,3721.6376738607496,81787.42338042668,260,314.5670130016411,145966253614.7567,97435093163.56842,33.24820583480533,16.058096002124003,74.03864247899895,0,0,85,9,166,0,32.69230769230769,3.4615384615384617,63.84615384615385,0.0,68212.57661957334,68212.57661957334,0.0,0.0014984617547060435,,,,,5,noisy-estimate,171,0.9554118459334094
Heuristic-TVD,3895.3229329335127,149395.49316831998,259,576.8165759394594,145966253614.7567,52413523930.36047,64.0920263195262,1.0218073941260324,64.6718029801353,0,0,163,0,97,0,62.69230769230769,0.0,37.30769230769231,0.0,604.5068316799996,604.5068316799996,0.0,0.013829231633840559,,,,,5,noisy-estimate,171,1.0
Deadline-Energy,3741.73461153954,21903.928624160006,260,84.24587932369234,145966253614.7567,115042162606.88376,21.185781125471483,16.026909080403055,71.36271956499577,0,0,59,1,200,0,22.692307692307693,0.38461538461538464,76.92307692307692,0.0,128096.07137584027,128096.07137584027,0.0,0.009270000737160444,,,,,5,cap-64,171,0.8740785785293911
Priority-Aware,3729.837374462275,31953.116364533347,260,122.89660140205133,145966253614.7567,97435093163.56842,33.24820583480533,16.058096002124003,74.03864247899895,0,0,85,9,166,0,32.69230769230769,3.4615384615384617,63.84615384615385,0.0,118046.88363546695,118046.88363546695,0.0,0.0014384604023339658,,,,,5,cap-64,171,0.8712993541448364
Heuristic-TVD,4280.776011963235,96562.87833962677,260,371.3956859216414,145966253614.7567,0.0,100.0,0.582986601118076,1.2473552171411333,0,0,260,0,0,0,100.0,0.0,0.0,0.0,53437.121660373254,53437.121660373254,0.0,0.01312346284976229,,,,,5,cap-64,171,1.0
Deadline-Energy,3738.9609577205424,39336.90975802667,260,151.29580676164102,145966253614.7567,115042162606.88376,21.185781125471483,16.026909080403055,71.36271956499577,0,0,59,1,200,0,22.692307692307693,0.38461538461538464,76.92307692307692,0.0,110663.0902419733,110663.0902419733,0.0,0.009436923070237614,,,,,5,cap-128,171,0.8916709960946851
Priority-Aware,3725.653368599671,57481.43897445333,260,221.08245759405128,145966253614.7567,97435093163.56842,33.24820583480533,16.058096002124003,74.03864247899895,0,0,85,9,166,0,32.69230769230769,3.4615384615384617,63.84615384615385,0.0,92518.56102554676,92518.56102554676,0.0,0.001543076359666884,,,,,5,cap-128,171,0.88849738947477
Heuristic-TVD,4193.206882467116,145659.96215573323,260,560.230623675897,145966253614.7567,22549417667.58177,84.55162264622095,0.6713495368931338,34.60850357160276,0,0,219,0,41,0,84.23076923076923,0.0,15.76923076923077,0.0,4340.037844266761,4340.037844266761,0.0,0.013971538842619898,,,,,5,cap-128,171,1.0
Deadline-Energy,3736.392823105972,55724.94501317332,260,214.32671158912814,145966253614.7567,115042162606.88376,21.185781125471483,16.026909080403055,71.36271956499577,0,0,59,1,200,0,22.692307692307693,0.38461538461538464,76.92307692307692,0.0,94275.05498682667,94275.05498682667,0.0,0.009191922995691689,,,,,5,cap-256,171,0.948997807285672
Priority-Aware,3721.6376738607496,81787.42338042668,260,314.5670130016411,145966253614.7567,97435093163.56842,33.24820583480533,16.058096002124003,74.03864247899895,0,0,85,9,166,0,32.69230769230769,3.4615384615384617,63.84615384615385,0.0,68212.57661957334,68212.57661957334,0.0,0.0014292305702558504,,,,,5,cap-256,171,0.9452501809137079
Heuristic-TVD,3937.198584043962,149787.40836597333,259,578.3297620307851,145966253614.7567,52641966177.041336,63.935522853126514,0.9832486245364028,61.70983823207116,0,0,166,0,94,0,63.84615384615385,0.0,36.15384615384615,0.0,212.5916340266608,212.5916340266608,0.0,0.012813845891147278,,,,,5,cap-256,171,1.0
Deadline-Energy,3774.4549894033107,59623.26823472,260,229.32026244123077,136511684238.74997,94917012113.92496,30.46967910239732,14.60893868356937,73.92129724806482,0,0,66,1,193,0,25.384615384615383,0.38461538461538464,74.23076923076923,0.0,90376.73176528004,90376.73176528004,0.0,0.009325385214581799,,,,,6,known,171,0.954223681049816
Priority-Aware,3607.574591128856,72969.55644367999,260,280.65214016799996,136511684238.74997,79932607445.38664,41.446325352202265,21.359685439153196,77.95723821033201,0,0,77,17,166,0,29.615384615384617,6.538461538461538,63.84615384615385,0.0,77030.44355632007,77030.44355632007,0.0,0.0015842307430620377,,,,,6,known,171,0.9120344833024391
Heuristic-TVD,3955.5243328804604,149715.49098826657,257,582.550548592477,136511684238.74997,41220788579.558304,69.80420481263285,1.1445659766542198,75.21373487501121,0,0,166,0,94,0,63.84615384615385,0.0,36.15384615384615,0.0,284.50901173332545,284.50901173332545,0.0,0.013077692934670128,,,,,6,known,171,1.0
Deadline-Energy,3774.4549894033107,59623.26823472,260,229.32026244123077,136511684238.74997,94917012113.92496,30.46967910239732,14.60893868356937,73.92129724806482,0,0,66,1,193,0,25.384615384615383,0.38461538461538464,74.23076923076923,0.0,90376.73176528004,90376.73176528004,0.0,0.009790769567748962,,,,,6,expected-only,171,0.9585920678809953
Priority-Aware,3607.574591128856,72969.55644367999,260,280.65214016799996,136511684238.74997,79932607445.38664,41.446325352202265,21.359685439153196,77.95723821033201,0,0,77,17,166,0,29.615384615384617,6.538461538461538,63.84615384615385,0.0,77030.44355632007,77030.44355632007,0.0,0.0014096139169011551,,,,,6,expected-only,171,0.9162097301607611
Heuristic-TVD,3937.498666921884,149833.8794559999,257,583.0112041089491,136511684238.74997,45425068133.14475,66.72441015840131,1.1445659766542424,77.61253372668457,0,0,158,0,102,0,60.76923076923077,0.0,39.23076923076923,0.0,166.12054399999624,166.12054399999624,0.0,0.013430383450423296,,,,,6,expected-only,171,1.0
Deadline-Energy,3774.4549894033107,59623.26823472,260,229.32026244123077,136511684238.74997,94917012113.92496,30.46967910239732,14.60893868356937,73.92129724806482,0,0,66,1,193,0,25.384615384615383,0.38461538461538464,74.23076923076923,0.0,90376.73176528004,90376.73176528004,0.0,0.009466154509797119,,,,,6,noisy-estimate,171,0.9639344154680843
Priority-Aware,3607.574591128856,72969.55644367999,260,280.65214016799996,136511684238.74997,79932607445.38664,41.446325352202265,21.359685439153196,77.95723821033201,0,0,77,17,166,0,29.615384615384617,6.538461538461538,63.84615384615385,0.0,77030.44355632007,77030.44355632007,0.0,0.0014049990568310022,,,,,6,noisy-estimate,171,0.9213158759397595
Heuristic-TVD,3915.676138163865,149745.58705621323,258,580.4092521558653,136511684238.74997,40197738179.55253,70.55362813541343,1.112105762582337,76.16247955174214,0,0,167,0,93,0,64.23076923076923,0.0,35.76923076923077,0.0,254.4129437866456,254.4129437866456,0.0,0.013419230974530084,,,,,6,noisy-estimate,171,1.0
Deadline-Energy,3778.442368720328,25805.05778149333,260,99.25022223651281,136511684238.74997,94917012113.92496,30.46967910239732,14.60893868356937,73.92129724806482,0,0,66,1,193,0,25.384615384615383,0.38461538461538464,74.23076923076923,0.0,124194.94221850683,124194.94221850683,0.0,0.009675384409582386,,,,,6,cap-64,171,0.8712784810675089
Priority-Aware,3613.7542347670633,30135.715364000018,260,115.90659755384623,136511684238.74997,79932607445.38664,41.446325352202265,21.359685439153196,77.95723821033201,0,0,77,17,166,0,29.615384615384617,6.538461538461538,63.84615384615385,0.0,119864.28463600016,119864.28463600016,0.0,0.0014915385131294338,,,,,6,cap-64,171,0.833302719312212
Heuristic-TVD,4336.664397003011,100209.85235541346,260,385.42250905928256,136511684238.74997,0.0,100.0,0.6464847392303151,1.2473552171412545,0,0,260,0,0,0,100.0,0.0,0.0,0.0,49790.14764458655,49790.14764458655,0.0,0.013421154961598894,,,,,6,cap-64,171,1.0
Deadline-Energy,3776.218957938042,45015.6640072,260,173.13716925846154,136511684238.74997,94917012113.92496,30.46967910239732,14.60893868356937,73.92129724806482,0,0,66,1,193,0,25.384615384615383,0.38461538461538464,74.23076923076923,0.0,104984.33599280003,104984.33599280003,0.0,0.009695000727123652,,,,,6,cap-128,171,0.895587061679113
Priority-Aware,3610.4379929563715,53048.21371151998,260,204.03159119815376,136511684238.74997,79932607445.38664,41.446325352202265,21.359685439153196,77.95723821033201,0,0,77,17,166,0,29.615384615384617,6.538461538461538,63.84615384615385,0.0,96951.78628848,96951.78628848,0.0,0.0014265389136898403,,,,,6,cap-128,171,0.8562696150574972
Heuristic-TVD,4216.4733274039345,148755.21059573322,260,572.1354253682047,136511684238.74997,16512610015.213205,87.9038852188405,0.7446506742354055,50.60239082016128,0,0,220,0,40,0,84.61538461538461,0.0,15.384615384615385,0.0,1244.7894042667776,1244.7894042667776,0.0,0.013469231131379135,,,,,6,cap-128,171,1.0
Deadline-Energy,3774.4549894033107,59623.26823472,260,229.32026244123077,136511684238.74997,94917012113.92496,30.46967910239732,14.60893868356937,73.92129724806482,0,0,66,1,193,0,25.384615384615383,0.38461538461538464,74.23076923076923,0.0,90376.73176528004,90376.73176528004,0.0,0.009524232098976007,,,,,6,cap-256,171,0.954223681049816
Priority-Aware,3607.574591128856,72969.55644367999,260,280.65214016799996,136511684238.74997,79932607445.38664,41.446325352202265,21.359685439153196,77.95723821033201,0,0,77,17,166,0,29.615384615384617,6.538461538461538,63.84615384615385,0.0,77030.44355632007,77030.44355632007,0.0,0.0014788466684806806,,,,,6,cap-256,171,0.9120344833024391
Heuristic-TVD,3955.5243328804604,149715.49098826657,257,582.550548592477,136511684238.74997,41220788579.558304,69.80420481263285,1.1445659766542198,75.21373487501121,0,0,166,0,94,0,63.84615384615385,0.0,36.15384615384615,0.0,284.50901173332545,284.50901173332545,0.0,0.013982308715080412,,,,,6,cap-256,171,1.0
Deadline-Energy,3883.0840761585364,71262.57109365333,260,274.08681189866667,139247165035.33093,99881808965.40207,28.270131072284855,11.838968943251544,68.4461327724551,0,0,71,0,189,0,27.307692307692307,0.0,72.6923076923077,0.0,78737.42890634667,78737.42890634667,0.0,0.009394999674091546,,,,,7,known,171,0.9456882004482678
Priority-Aware,3909.780591382479,101200.58414975999,260,389.2330159606154,139247165035.33093,77464709916.8403,44.36891415549802,9.247300119530852,72.90775365767003,0,0,101,16,143,0,38.84615384615385,6.153846153846154,55.0,0.0,48799.41585024003,48799.41585024003,0.0,0.0014873083833103569,,,,,7,known,171,0.9521898828597767
Heuristic-TVD,4106.0933977159775,149688.3898704532,258,580.1875576374155,139247165035.33093,47359515028.27628,65.98888385536623,1.0218073941260437,59.41933453479224,0,0,169,1,90,0,65.0,0.38461538461538464,34.61538461538461,0.0,311.6101295466981,311.6101295466981,0.0,0.013413075178575058,,,,,7,known,171,1.0
Deadline-Energy,3883.0840761585364,71262.57109365333,260,274.08681189866667,139247165035.33093,99881808965.40207,28.270131072284855,11.838968943251544,68.4461327724551,0,0,71,0,189,0,27.307692307692307,0.0,72.6923076923077,0.0,78737.42890634667,78737.42890634667,0.0,0.009123461719494887,,,,,7,expected-only,171,0.9555571701424238
Priority-Aware,3909.780591382479,101200.58414975999,260,389.2330159606154,139247165035.33093,77464709916.8403,44.36891415549802,9.247300119530852,72.90775365767003,0,0,101,16,143,0,38.84615384615385,6.153846153846154,55.0,0.0,48799.41585024003,48799.41585024003,0.0,0.0013938465809377914,,,,,7,expected-only,171,0.9621267025140462
Heuristic-TVD,4063.6857714957764,149226.36980906661,256,582.9155070666665,139247165035.33093,53793101828.59264,61.368619738187256,1.079645548510546,60.30949679558471,0,0,158,2,100,0,60.76923076923077,0.7692307692307693,38.46153846153846,0.0,773.6301909333728,773.6301909333728,0.0,0.013605385230710873,,,,,7,expected-only,171,1.0
Deadline-Energy,3883.0840761585364,71262.57109365333,260,274.08681189866667,139247165035.33093,99881808965.40207,28.270131072284855,11.838968943251544,68.4461327724551,0,0,71,0,189,0,27.307692307692307,0.0,72.6923076923077,0.0,78737.42890634667,78737.42890634667,0.0,0.009530385880050464,,,,,7,noisy-estimate,171,0.949529908783614
Priority-Aware,3909.780591382479,101200.58414975999,260,389.2330159606154,139247165035.33093,77464709916.8403,44.36891415549802,9.247300119530852,72.90775365767003,0,0,101,16,143,0,38.84615384615385,6.153846153846154,55.0,0.0,48799.41585024003,48799.41585024003,0.0,0.001435382896138785,,,,,7,noisy-estimate,171,0.9560580032488021
Heuristic-TVD,4089.480531616875,149592.48270991986,257,582.0719171592212,139247165035.33093,49956962293.43461,64.12353365990676,1.0218073941260324,61.016375430692364,0,0,169,1,90,0,65.0,0.38461538461538464,34.61538461538461,0.0,407.51729008003247,407.51729008003247,0.0,0.013259230203962384,,,,,7,noisy-estimate,171,1.0
Deadline-Energy,3890.2418167150695,26384.142869973348,260,101.47747257682057,139247165035.33093,99881808965.40207,28.270131072284855,11.838968943251544,68.4461327724551,0,0,71,0,189,0,27.307692307692307,0.0,72.6923076923077,0.0,123615.85713002675,123615.85713002675,0.0,0.009737308741582988,,,,,7,cap-64,171,0.8740231268063777
Priority-Aware,3920.244580400487,37851.18994112,260,145.58149977353847,139247165035.33093,77464709916.8403,44.36891415549802,9.247300119530852,72.90775365767003,0,0,101,16,143,0,38.84615384615385,6.153846153846154,55.0,0.0,112148.81005888026,112148.81005888026,0.0,0.0016253864697109049,,,,,7,cap-64,171,0.8807638669877437
Heuristic-TVD,4450.9598171958605,97152.48332266677,260,373.66339739487216,139247165035.33093,0.0,100.0,0.582986601118076,1.352428617201373,0,0,260,0,0,0,100.0,0.0,0.0,0.0,52847.516677333195,52847.516677333195,0.0,0.013400383110050686,,,,,7,cap-64,171,1.0
Deadline-Energy,3886.8905189525244,47958.76371370667,260,184.45678351425641,139247165035.33093,99881808965.40207,28.270131072284855,11.838968943251544,68.4461327724551,0,0,71,0,189,0,27.307692307692307,0.0,72.6923076923077,0.0,102041.23628629338,102041.23628629338,0.0,0.011985768147636779,,,,,7,cap-128,171,0.8949117836839935
Priority-Aware,3915.243240299081,68493.50563743999,260,263.43656014399994,139247165035.33093,77464709916.8403,44.36891415549802,9.247300119530852,72.90775365767003,0,0,101,16,143,0,38.84615384615385,6.153846153846154,55.0,0.0,81506.49436256014,81506.49436256014,0.0,0.0014707689003374141,,,,,7,cap-128,171,0.9014396712869045
Heuristic-TVD,4343.322537280437,143776.56859546655,260,552.9868022902559,139247165035.33093,23088250110.694588,83.41923147603296,0.6962143345558313,30.59406362621026,0,0,219,1,40,0,84.23076923076923,0.38461538461538464,15.384615384615385,0.0,6223.431404533465,6223.431404533465,0.0,0.015160385429715881,,,,,7,cap-128,171,1.0
Deadline-Energy,3883.0840761585364,71262.57109365333,260,274.08681189866667,139247165035.33093,99881808965.40207,28.270131072284855,11.838968943251544,68.4461327724551,0,0,71,0,189,0,27.307692307692307,0.0,72.6923076923077,0.0,78737.42890634667,78737.42890634667,0.0,0.010101539149987869,,,,,7,cap-256,171,0.9456882004482678
Priority-Aware,3909.780591382479,101200.58414975999,260,389.2330159606154,139247165035.33093,77464709916.8403,44.36891415549802,9.247300119530852,72.90775365767003,0,0,101,16,143,0,38.84615384615385,6.153846153846154,55.0,0.0,48799.41585024003,48799.41585024003,0.0,0.001478075640849196,,,,,7,cap-256,171,0.9521898828597767
Heuristic-TVD,4106.0933977159775,149688.3898704532,258,580.1875576374155,139247165035.33093,47359515028.27628,65.98888385536623,1.0218073941260437,59.41933453479224,0,0,169,1,90,0,65.0,0.38461538461538464,34.61538461538461,0.0,311.6101295466981,311.6101295466981,0.0,0.014263077621133281,,,,,7,cap-256,171,1.0
Deadline-Energy,3807.586330320566,73051.95887727995,260,280.96907260492287,147675122448.8456,107986139264.03853,26.87587626585871,10.647973555536677,74.23923498141562,0,0,72,1,187,0,27.692307692307693,0.38461538461538464,71.92307692307692,0.0,76948.04112272005,76948.04112272005,0.0,0.009628077588366488,,,,,8,known,171,0.9920789887534683
Priority-Aware,3757.5334994027057,87253.41095210667,259,336.88575657184043,147675122448.8456,91277240214.14523,38.19050988377308,11.816140087959745,78.44504524348606,0,0,85,8,167,0,32.69230769230769,3.076923076923077,64.23076923076923,0.0,62746.589047893365,62746.589047893365,0.0,0.0014196148885485644,,,,,8,known,171,0.9790375610422131
Heuristic-TVD,3837.9870690586226,149719.9602573866,257,582.567938744695,147675122448.8456,61385932170.2414,58.43177161305191,1.1445659766542424,75.53968085804092,0,0,155,0,105,0,59.61538461538461,0.0,40.38461538461539,0.0,280.0397426132629,280.0397426132629,0.0,0.013181153917685151,,,,,8,known,171,1.0
Deadline-Energy,3807.586330320566,73051.95887727995,260,280.96907260492287,147675122448.8456,107986139264.03853,26.87587626585871,10.647973555536677,74.23923498141562,0,0,72,1,187,0,27.692307692307693,0.38461538461538464,71.92307692307692,0.0,76948.04112272005,76948.04112272005,0.0,0.009887306077871472,,,,,8,expected-only,171,0.9900446016609312
Priority-Aware,3757.5334994027057,87253.41095210667,259,336.88575657184043,147675122448.8456,91277240214.14523,38.19050988377308,11.816140087959745,78.44504524348606,0,0,85,8,167,0,32.69230769230769,3.076923076923077,64.23076923076923,0.0,62746.589047893365,62746.589047893365,0.0,0.0017157704300748615,,,,,8,expected-only,171,0.9770299170946319
Heuristic-TVD,3845.8735333063123,149866.49753055995,259,578.6351256006176,147675122448.8456,62439122468.225555,57.71859103089327,1.167008446784708,74.00152735100038,0,1,151,0,109,0,58.07692307692308,0.0,41.92307692307692,0.0,133.50246943992886,133.50246943992886,0.0,0.013762308718959013,,,,,8,expected-only,171,1.0
Deadline-Energy,3807.586330320566,73051.95887727995,260,280.96907260492287,147675122448.8456,107986139264.03853,26.87587626585871,10.647973555536677,74.23923498141562,0,0,72,1,187,0,27.692307692307693,0.38461538461538464,71.92307692307692,0.0,76948.04112272005,76948.04112272005,0.0,0.00976846260108197,,,,,8,noisy-estimate,171,0.9927017704912278
Priority-Aware,3757.5334994027057,87253.41095210667,259,336.88575657184043,147675122448.8456,91277240214.14523,38.19050988377308,11.816140087959745,78.44504524348606,0,0,85,8,167,0,32.69230769230769,3.076923076923077,64.23076923076923,0.0,62746.589047893365,62746.589047893365,0.0,0.0014761545641634327,,,,,8,noisy-estimate,171,0.979652155969139
Heuristic-TVD,3835.5792681183825,149858.59955584002,258,580.8472851001551,147675122448.8456,59262423257.32558,59.86973142490268,1.1445659766542424,75.31266929876047,0,0,158,2,100,0,60.76923076923077,0.7692307692307693,38.46153846153846,0.0,141.40044415992833,141.40044415992833,0.0,0.013960768186594717,,,,,8,noisy-estimate,171,1.0
Deadline-Energy,3813.6255433029405,27563.159799626686,260,106.01215307548726,147675122448.8456,107986139264.03853,26.87587626585871,10.647973555536677,74.23923498141562,0,0,72,1,187,0,27.692307692307693,0.38461538461538464,71.92307692307692,0.0,122436.84020037348,122436.84020037348,0.0,0.010159615172037425,,,,,8,cap-64,171,0.8870788991389904
Priority-Aware,3765.3412636573335,32317.513709226696,259,124.77804520936948,147675122448.8456,91277240214.14523,38.19050988377308,11.816140087959745,78.44504524348606,0,0,85,8,167,0,32.69230769230769,3.076923076923077,64.23076923076923,0.0,117682.48629077333,117682.48629077333,0.0,0.002300000498787715,,,,,8,cap-64,171,0.8758476009563566
Heuristic-TVD,4299.082693776722,95602.09647360012,260,367.7003710523081,147675122448.8456,0.0,100.0,0.582986601118076,1.2473552171412545,0,0,260,0,0,0,100.0,0.0,0.0,0.0,54397.90352639981,54397.90352639981,0.0,0.01626884600577446,,,,,8,cap-64,171,1.0
Deadline-Energy,3810.7058083563015,50068.42816687999,260,192.57087756492302,147675122448.8456,107986139264.03853,26.87587626585871,10.647973555536677,74.23923498141562,0,0,72,1,187,0,27.692307692307693,0.38461538461538464,71.92307692307692,0.0,99931.57183311998,99931.57183311998,0.0,0.010249999804028239,,,,,8,cap-128,171,0.9063753239340256
Priority-Aware,3761.460079833273,59397.51219253333,259,229.33402390939509,147675122448.8456,91277240214.14523,38.19050988377308,11.816140087959745,78.44504524348606,0,0,85,8,167,0,32.69230769230769,3.076923076923077,64.23076923076923,0.0,90602.48780746665,90602.48780746665,0.0,0.0014811535947956145,,,,,8,cap-128,171,0.8946622410073539
Heuristic-TVD,4204.335342908872,146541.4854817066,260,563.6210980065638,147675122448.8456,21635210796.312496,85.34945464236408,0.6962143345558767,28.773173121094793,0,0,221,0,39,0,85.0,0.0,15.0,0.0,3458.5145182933793,3458.5145182933793,0.0,0.013407690969940562,,,,,8,cap-128,171,1.0
Deadline-Energy,3807.586330320566,73051.95887727995,260,280.96907260492287,147675122448.8456,107986139264.03853,26.87587626585871,10.647973555536677,74.23923498141562,0,0,72,1,187,0,27.692307692307693,0.38461538461538464,71.92307692307692,0.0,76948.04112272005,76948.04112272005,0.0,0.009708460577083034,,,,,8,cap-256,171,0.9920789887534683
Priority-Aware,3757.5334994027057,87253.41095210667,259,336.88575657184043,147675122448.8456,91277240214.14523,38.19050988377308,11.816140087959745,78.44504524348606,0,0,85,8,167,0,32.69230769230769,3.076923076923077,64.23076923076923,0.0,62746.589047893365,62746.589047893365,0.0,0.0018649995371770973,,,,,8,cap-256,171,0.9790375610422131
Heuristic-TVD,3837.9870690586226,149719.9602573866,257,582.567938744695,147675122448.8456,61385932170.2414,58.43177161305191,1.1445659766542424,75.53968085804092,0,0,155,0,105,0,59.61538461538461,0.0,40.38461538461539,0.0,280.0397426132629,280.0397426132629,0.0,0.013948077461324059,,,,,8,cap-256,171,1.0
Deadline-Energy,3987.9015633096137,64223.37783562667,260,247.0129916754872,145047080871.27374,102072848551.6437,29.62778158753072,10.752650312716167,66.8191582745461,0,0,72,0,188,0,27.692307692307693,0.0,72.3076923076923,0.0,85776.62216437332,85776.62216437332,0.0,0.010664613980155151,,,,,9,known,171,0.9916659151008066
Priority-Aware,3933.4652272263816,80627.39004437336,260,310.10534632451294,145047080871.27374,88415641780.66504,39.04348763893285,11.438537449130916,76.80100423138477,0,0,88,6,166,0,33.84615384615385,2.3076923076923075,63.84615384615385,0.0,69372.60995562666,69372.60995562666,0.0,0.0015311556545874248,,,,,9,known,171,0.9781293073937917
Heuristic-TVD,4021.416388909796,149539.87916986653,257,581.8672341239943,145047080871.27374,40555041023.97266,72.04008465364124,0.9832486245364028,70.43976702267629,0,0,172,1,87,0,66.15384615384616,0.38461538461538464,33.46153846153846,0.0,460.12083013330334,460.12083013330334,0.0,0.013211154705808999,,,,,9,known,171,1.0
Deadline-Energy,3987.9015633096137,64223.37783562667,260,247.0129916754872,145047080871.27374,102072848551.6437,29.62778158753072,10.752650312716167,66.8191582745461,0,0,72,0,188,0,27.692307692307693,0.0,72.3076923076923,0.0,85776.62216437332,85776.62216437332,0.0,0.009961155032774864,,,,,9,expected-only,171,0.9899293362089979
Priority-Aware,3933.4652272263816,80627.39004437336,260,310.10534632451294,145047080871.27374,88415641780.66504,39.04348763893285,11.438537449130916,76.80100423138477,0,0,88,6,166,0,33.84615384615385,2.3076923076923075,63.84615384615385,0.0,69372.60995562666,69372.60995562666,0.0,0.0014619223433188521,,,,,9,expected-only,171,0.9764164334482283
Heuristic-TVD,4028.4709397355123,149915.19431029327,258,581.0666446135398,145047080871.27374,44293441830.5415,69.46271406189071,0.9832486245364028,68.81736296693157,0,0,166,0,94,0,63.84615384615385,0.0,36.15384615384615,0.0,84.80568970662193,84.80568970662193,0.0,0.015118461697756384,,,,,9,expected-only,171,1.0
Deadline-Energy,3987.9015633096137,64223.37783562667,260,247.0129916754872,145047080871.27374,102072848551.6437,29.62778158753072,10.752650312716167,66.8191582745461,0,0,72,0,188,0,27.692307692307693,0.0,72.3076923076923,0.0,85776.62216437332,85776.62216437332,0.0,0.010223846206477342,,,,,9,noisy-estimate,171,0.9979552322734419
Priority-Aware,3933.4652272263816,80627.39004437336,260,310.10534632451294,145047080871.27374,88415641780.66504,39.04348763893285,11.438537449130916,76.80100423138477,0,0,88,6,166,0,33.84615384615385,2.3076923076923075,63.84615384615385,0.0,69372.60995562666,69372.60995562666,0.0,0.0014088460235283352,,,,,9,noisy-estimate,171,0.9843327730533171
Heuristic-TVD,3996.072603602443,149344.63247146655,256,583.3774705916662,145047080871.27374,36630579949.04901,74.74573102125517,0.9832486245364028,70.43976702267629,0,1,172,2,86,0,66.15384615384616,0.7692307692307693,33.07692307692308,0.0,655.3675285333054,655.3675285333054,0.0,0.013161923785586484,,,,,9,noisy-estimate,171,1.0
Deadline-Energy,3993.8364204631503,25798.306728746673,260,99.22425664902566,145047080871.27374,102072848551.6437,29.62778158753072,10.752650312716167,66.8191582745461,0,0,72,0,188,0,27.692307692307693,0.0,72.3076923076923,0.0,124201.69327125346,124201.69327125346,0.0,0.01121846278412984,,,,,9,cap-64,171,0.8973362475885042
Priority-Aware,3941.4925469119084,32523.19443637335,260,125.08920937066672,145047080871.27374,88415641780.66504,39.04348763893285,11.438537449130916,76.80100423138477,0,0,88,6,166,0,33.84615384615385,2.3076923076923075,63.84615384615385,0.0,117476.8055636267,117476.8055636267,0.0,0.0016434615155538688,,,,,9,cap-64,171,0.8855756119159817
Heuristic-TVD,4450.769074799064,94745.66898261347,260,364.40641916389797,145047080871.27374,0.0,100.0,0.582986601118076,1.3496893400495655,0,0,260,0,0,0,100.0,0.0,0.0,0.0,55254.33101738648,55254.33101738648,0.0,0.01360422992057955,,,,,9,cap-64,171,1.0
Deadline-Energy,3990.6064138275547,46741.658169173345,260,179.7756083429744,145047080871.27374,102072848551.6437,29.62778158753072,10.752650312716167,66.8191582745461,0,0,72,0,188,0,27.692307692307693,0.0,72.3076923076923,0.0,103258.34183082667,103258.34183082667,0.0,0.00993115334914854,,,,,9,cap-128,171,0.9149238580152822
Priority-Aware,3937.2340969572087,58080.414146986666,260,223.38620825764102,145047080871.27374,88415641780.66504,39.04348763893285,11.438537449130916,76.80100423138477,0,0,88,6,166,0,33.84615384615385,2.3076923076923075,63.84615384615385,0.0,91919.5858530134,91919.5858530134,0.0,0.0014676916180178523,,,,,9,cap-128,171,0.9026872200213603
Heuristic-TVD,4361.681443616807,149759.79370986653,260,575.9992065764097,145047080871.27374,14758355403.767519,89.82512759642142,0.6962143345558616,32.39952093964011,0,0,229,0,31,0,88.07692307692308,0.0,11.923076923076923,0.0,240.20629013348832,240.20629013348832,0.0,0.013736153778154403,,,,,9,cap-128,171,1.0
Deadline-Energy,3987.9015633096137,64223.37783562667,260,247.0129916754872,145047080871.27374,102072848551.6437,29.62778158753072,10.752650312716167,66.8191582745461,0,0,72,0,188,0,27.692307692307693,0.0,72.3076923076923,0.0,85776.62216437332,85776.62216437332,0.0,0.010009229187674534,,,,,9,cap-256,171,0.9916659151008066
Priority-Aware,3933.4652272263816,80627.39004437336,260,310.10534632451294,145047080871.27374,88415641780.66504,39.04348763893285,11.438537449130916,76.80100423138477,0,0,88,6,166,0,33.84615384615385,2.3076923076923075,63.84615384615385,0.0,69372.60995562666,69372.60995562666,0.0,0.0021088467642235067,,,,,9,cap-256,171,0.9781293073937917
Heuristic-TVD,4021.416388909796,149539.87916986653,257,581.8672341239943,145047080871.27374,40555041023.97266,72.04008465364124,0.9832486245364028,70.43976702267629,0,0,172,1,87,0,66.15384615384616,0.38461538461538464,33.46153846153846,0.0,460.12083013330334,460.12083013330334,0.0,0.013866539274413999,,,,,9,cap-256,171,1.0
