policy,total_value,energy_j,useful_tasks,j_per_task,raw_bits,transmitted_bits,bw_saving,median_latency_min,p95_latency_min,oom_count,energy_violation_count,on_count,pre_count,down_count,drop_count,on_pct,pre_pct,down_pct,drop_pct,residual_energy_j,min_energy_j,energy_overrun_j,mean_decision_ms,lambda_energy_final,lambda_bandwidth_final,lambda_energy_mean,lambda_bandwidth_mean,seed,profile_label,energy_scale,latency_scale,normalized_value
All-Downlink,2608.328853807614,0.0,254,0.0,141896346105.7374,127474006832.71404,10.163996233050444,35.479692026056966,736.9298172144859,0,0,0,0,260,0,0.0,0.0,100.0,0.0,150000.0,150000.0,0.0,0.00030807658241918456,,,,,0,0.5x,0.5,0.5,0.6000632596719162
All-On-Board,4346.75646569949,121421.94992714656,260,467.00749971979445,141896346105.7374,0.0,100.0,0.3251271429311601,0.6610982650848504,0,0,260,0,0,0,100.0,0.0,0.0,0.0,28578.05007285333,28578.05007285333,0.0,0.0015503839956811415,,,,,0,0.5x,0.5,0.5,1.0
Fixed-Threshold,3102.93058452487,48075.02144767993,257,187.06234026334604,141896346105.7374,49934240241.08709,64.80935442560487,8.822536083118454,76.86289261501675,0,0,102,94,64,0,39.23076923076923,36.15384615384615,24.615384615384617,0.0,101924.97855232013,101924.97855232013,0.0,0.001181153437265983,,,,,0,0.5x,0.5,0.5,0.7138496506556733
Deadline-Energy,3769.6989720719807,29024.85450138667,260,111.63405577456412,141896346105.7374,105779966974.30736,25.452649150329123,15.415767963420148,71.4423141796664,0,0,65,0,195,0,25.0,0.0,75.0,0.0,120975.14549861343,120975.14549861343,0.0,0.011096154496324463,,,,,0,0.5x,0.5,0.5,0.8672441168073013
Priority-Aware,3656.847452089257,36011.080505279984,259,139.0389208698069,141896346105.7374,89315751073.92041,37.05563707231426,20.631380747971463,110.33912208829416,0,0,78,12,170,0,30.0,4.615384615384615,65.38461538461539,0.0,113988.91949472015,113988.91949472015,0.0,0.0013942308634376298,,,,,0,0.5x,0.5,0.5,0.8412818801664309
Heuristic-TVD,4346.75646569949,121421.94992714656,260,467.00749971979445,141896346105.7374,0.0,100.0,0.3251271429311601,0.6610982650848504,0,0,260,0,0,0,100.0,0.0,0.0,0.0,28578.05007285333,28578.05007285333,0.0,0.015762305814020623,,,,,0,0.5x,0.5,0.5,1.0
All-Downlink,2566.3119925629917,0.0,257,0.0,138183152908.2682,131685291155.26335,4.702354531828057,39.57007844914237,111.89255143557872,0,0,0,0,260,0,0.0,0.0,100.0,0.0,150000.0,150000.0,0.0,0.000314231370933927,,,,,1,0.5x,0.5,0.5,0.5860311071805581
All-On-Board,4379.139539042085,122890.3987361066,260,472.65537975425616,138183152908.2682,0.0,100.0,0.30817011953634693,0.6610982650848504,0,0,260,0,0,0,100.0,0.0,0.0,0.0,27109.601263893368,27109.601263893368,0.0,0.00041230792143883614,,,,,1,0.5x,0.5,0.5,1.0
Fixed-Threshold,3094.2363141337046,50182.33311423995,259,193.75418190826235,138183152908.2682,43894861169.01148,68.23428888024378,4.033877747579391,79.0500106006302,0,0,106,97,57,0,40.76923076923077,37.30769230769231,21.923076923076923,0.0,99817.66688576007,99817.66688576007,0.0,0.001075769138809007,,,,,1,0.5x,0.5,0.5,0.706585457382012
Deadline-Energy,3881.42572638784,34584.493706026675,260,133.01728348471798,138183152908.2682,97623791629.69403,29.35188583046674,10.28411112853179,72.25500075728323,0,0,72,0,188,0,27.692307692307693,0.0,72.3076923076923,0.0,115415.50629397346,115415.50629397346,0.0,0.010438076704024123,,,,,1,0.5x,0.5,0.5,0.886344381535027
Priority-Aware,3765.2094147565786,40774.65286853334,260,156.82558795589745,138183152908.2682,83081342987.12921,39.87592464163695,12.934506397489773,79.30292719235098,0,0,87,10,163,0,33.46153846153846,3.8461538461538463,62.69230769230769,0.0,109225.3471314668,109225.3471314668,0.0,0.001565768280460571,,,,,1,0.5x,0.5,0.5,0.8598057634811517
Heuristic-TVD,4379.139539042085,122890.3987361066,260,472.65537975425616,138183152908.2682,0.0,100.0,0.30817011953634693,0.6610982650848504,0,0,260,0,0,0,100.0,0.0,0.0,0.0,27109.601263893368,27109.601263893368,0.0,0.016146153323531438,,,,,1,0.5x,0.5,0.5,1.0
All-Downlink,2556.686277673104,0.0,253,0.0,143551818802.25815,133655118349.42921,6.894165838791344,37.746426882901076,754.0107986472566,0,0,0,0,260,0,0.0,0.0,100.0,0.0,150000.0,150000.0,0.0,0.00031192298942747025,,,,,2,0.5x,0.5,0.5,0.5919822927988665
All-On-Board,4318.856000886788,122183.17969871989,260,469.93530653353804,143551818802.25815,0.0,100.0,0.3027045813497049,0.6361511607420349,0,0,260,0,0,0,100.0,0.0,0.0,0.0,27816.82030128005,27816.82030128005,0.0,0.0003623084362166432,,,,,2,0.5x,0.5,0.5,1.0
Fixed-Threshold,3108.0046267878124,48073.01157007995,258,186.3295022096122,143551818802.25815,43453490187.54808,69.72975295603531,7.619225395042789,77.43346582313498,0,0,103,90,67,0,39.61538461538461,34.61538461538461,25.76923076923077,0.0,101926.98842992008,101926.98842992008,0.0,0.0011700005136215342,,,,,2,0.5x,0.5,0.5,0.7196360856091631
Deadline-Energy,3799.6547201578446,35590.85494490666,260,136.8879036342564,143551818802.25815,100349432288.78314,30.09532507072311,12.860969370166428,71.43436513271442,0,0,71,1,188,0,27.307692307692307,0.38461538461538464,72.3076923076923,0.0,114409.14505509325,114409.14505509325,0.0,0.010085769911081744,,,,,2,0.5x,0.5,0.5,0.8797826830479331
Priority-Aware,3617.499011712073,35368.45398549335,260,136.03251532882055,143551818802.25815,81765352376.60277,43.0412285550808,21.402373422387853,78.4072189003879,0,0,74,15,171,0,28.46153846153846,5.769230769230769,65.76923076923077,0.0,114631.54601450673,114631.54601450673,0.0,0.0017211531835178344,,,,,2,0.5x,0.5,0.5,0.8376058407525729
Heuristic-TVD,4318.856000886788,122183.17969871989,260,469.93530653353804,143551818802.25815,0.0,100.0,0.3027045813497049,0.6361511607420349,0,0,260,0,0,0,100.0,0.0,0.0,0.0,27816.82030128005,27816.82030128005,0.0,0.01359846266076112,,,,,2,0.5x,0.5,0.5,1.0
All-Downlink,2523.31517969433,0.0,255,0.0,145714942829.99643,141823142641.82233,2.670831221966452,40.634583839711894,79.65998313243796,0,0,0,0,260,0,0.0,0.0,100.0,0.0,150000.0,150000.0,0.0,0.00028230771511936415,,,,,3,0.5x,0.5,0.5,0.5721165909816024
All-On-Board,4410.491182164427,121443.4572239999,260,467.0902200923073,145714942829.99643,0.0,100.0,0.30817011953634693,0.6985189215990446,0,0,260,0,0,0,100.0,0.0,0.0,0.0,28556.542776000144,28556.542776000144,0.0,0.0003407693629224713,,,,,3,0.5x,0.5,0.5,1.0
Fixed-Threshold,3298.462733885623,55830.134184746574,257,217.2378762052396,145714942829.99643,53173078967.439766,63.50883585805194,4.809570752939726,78.33749969722065,0,0,109,78,73,0,41.92307692307692,30.0,28.076923076923077,0.0,94169.86581525342,94169.86581525342,0.0,0.0010903855302156163,,,,,3,0.5x,0.5,0.5,0.7478674364488624
Deadline-Energy,3877.767031424162,35848.7635376,260,137.87985976000002,145714942829.99643,109056964346.36604,25.157322764350077,15.42668608128982,77.05464053457004,0,0,73,0,187,0,28.076923076923077,0.0,71.92307692307692,0.0,114151.23646239999,114151.23646239999,0.0,0.010210383558072723,,,,,3,0.5x,0.5,0.5,0.8792143258568236
Priority-Aware,3814.095769491853,38838.10252298667,260,149.3773173961026,145714942829.99643,96411603040.62616,33.83547276060204,16.769847643845956,78.1803292091174,0,0,81,12,167,0,31.153846153846153,4.615384615384615,64.23076923076923,0.0,111161.89747701335,111161.89747701335,0.0,0.0013176928265378452,,,,,3,0.5x,0.5,0.5,0.8647780058864337
Heuristic-TVD,4410.491182164427,121443.4572239999,260,467.0902200923073,145714942829.99643,0.0,100.0,0.30817011953634693,0.6985189215990446,0,0,260,0,0,0,100.0,0.0,0.0,0.0,28556.542776000144,28556.542776000144,0.0,0.01493307667820213,,,,,3,0.5x,0.5,0.5,1.0
All-Downlink,2449.820990927939,0.0,259,0.0,143751290598.0329,136549823818.19585,5.009671043562514,36.22262312100996,726.9090733329451,0,0,0,0,260,0,0.0,0.0,100.0,0.0,150000.0,150000.0,0.0,0.0002973081651501931,,,,,4,0.5x,0.5,0.5,0.5531622365343191
All-On-Board,4428.756753672479,125573.75202671993,260,482.97596933353816,143751290598.0329,0.0,100.0,0.3251271429312207,0.698518921599043,0,0,260,0,0,0,100.0,0.0,0.0,0.0,24426.2479732801,24426.2479732801,0.0,0.0003499998666274433,,,,,4,0.5x,0.5,0.5,1.0
Fixed-Threshold,3293.812479523574,55433.898543626565,260,213.2073020908714,143751290598.0329,48784444087.374435,66.06330010365696,7.165397066344303,78.25919961500782,0,0,110,78,72,0,42.30769230769231,30.0,27.692307692307693,0.0,94566.10145637338,94566.10145637338,0.0,0.0010207690558253,,,,,4,0.5x,0.5,0.5,0.7437329848364849
Deadline-Energy,3887.8212439073936,36364.20134293334,260,139.8623128574359,143751290598.0329,96634432667.29465,32.77665037630138,11.325929860212394,73.14807775617477,0,0,79,1,180,0,30.384615384615383,0.38461538461538464,69.23076923076923,0.0,113635.79865706655,113635.79865706655,0.0,0.009928076290704597,,,,,4,0.5x,0.5,0.5,0.8778583833224701
Priority-Aware,3789.991705624305,39683.52254389335,260,152.62893286112828,143751290598.0329,78843845988.82722,45.15259956218708,14.598307059213402,722.8285196627825,0,0,88,14,158,0,33.84615384615385,5.384615384615385,60.76923076923077,0.0,110316.47745610682,110316.47745610682,0.0,0.0013761542504653335,,,,,4,0.5x,0.5,0.5,0.8557687668173494
Heuristic-TVD,4427.722420081155,124509.5521641066,260,478.8828929388715,143751290598.0329,123305089.97081935,99.9142233162166,0.3251271429312207,0.698518921599043,0,0,259,0,1,0,99.61538461538461,0.0,0.38461538461538464,0.0,25490.447835893443,25490.447835893443,0.0,0.015240384359808208,,,,,4,0.5x,0.5,0.5,0.9997664505754428
All-Downlink,2624.3317650948316,0.0,259,0.0,145966253614.7567,142154292336.35153,2.611536011923654,32.73609921005294,77.76358537846562,0,0,0,0,260,0,0.0,0.0,100.0,0.0,150000.0,150000.0,0.0,0.0002715379545966593,,,,,5,0.5x,0.5,0.5,0.6074893575420959
All-On-Board,4319.963358227192,124997.11575285328,260,480.75813751097417,145966253614.7567,0.0,100.0,0.33567476844658206,0.661098265084729,0,0,260,0,0,0,100.0,0.0,0.0,0.0,25002.884247146787,25002.884247146787,0.0,0.000338462100794109,,,,,5,0.5x,0.5,0.5,1.0
Fixed-Threshold,3194.9285292082486,49445.994595039956,260,190.17690228861522,145966253614.7567,53835526053.87235,63.11782708628088,9.936737857560608,71.94880900971727,0,0,105,89,66,0,40.38461538461539,34.23076923076923,25.384615384615383,0.0,100554.0054049602,100554.0054049602,0.0,0.0011923074802885263,,,,,5,0.5x,0.5,0.5,0.7395730621473071
Deadline-Energy,3764.58200194319,27871.40315658666,260,107.19770444841024,145966253614.7567,115042162606.88376,21.185781125471483,16.026909080403055,71.36271956499577,0,0,59,1,200,0,22.692307692307693,0.38461538461538464,76.92307692307692,0.0,122128.59684341334,122128.59684341334,0.0,0.010014230233187286,,,,,5,0.5x,0.5,0.5,0.8714384104146854
Priority-Aware,3763.2404559049596,40974.087540213346,260,157.59264438543596,145966253614.7567,97435093163.56842,33.24820583480533,16.058096002124003,74.03864247899895,0,0,85,9,166,0,32.69230769230769,3.4615384615384617,63.84615384615385,0.0,109025.91245978676,109025.91245978676,0.0,0.0013592312685572184,,,,,5,0.5x,0.5,0.5,0.8711278647162651
Heuristic-TVD,4319.955537648775,124054.55939658661,260,477.13292075610235,145966253614.7567,840764285.8774741,99.42400091455626,0.3356747684466276,0.661098265084729,0,0,259,0,1,0,99.61538461538461,0.0,0.38461538461538464,0.0,25945.440603413455,25945.440603413455,0.0,0.01351423046659105,,,,,5,0.5x,0.5,0.5,0.999998189665567
All-Downlink,2656.6870243738504,0.0,257,0.0,136511684238.74997,125544697380.47523,8.033734928575198,35.892371621477345,112.48918967135168,0,0,0,0,260,0,0.0,0.0,100.0,0.0,150000.0,150000.0,0.0,0.0008284611305078635,,,,,6,0.5x,0.5,0.5,0.6072905647907555
All-On-Board,4374.63901547472,127862.48990858655,260,491.7788073407175,136511684238.74997,0.0,100.0,0.3587609853034034,0.6610982650848071,0,0,260,0,0,0,100.0,0.0,0.0,0.0,22137.510091413365,22137.510091413365,0.0,0.0003342307396591283,,,,,6,0.5x,0.5,0.5,0.9999962261604617
Fixed-Threshold,3218.175519744104,50619.068227626565,258,196.19793886676962,136511684238.74997,44829547598.12704,67.16065159688227,3.3926807072806695,75.48668826362353,0,0,105,89,66,0,40.38461538461539,34.23076923076923,25.384615384615383,0.0,99380.93177237343,99380.93177237343,0.0,0.0010953856802258927,,,,,6,0.5x,0.5,0.5,0.7356408982506327
Deadline-Energy,3799.1207016498793,29820.564767360003,260,114.69447987446155,136511684238.74997,94917012113.92496,30.46967910239732,14.60893868356937,73.92129724806482,0,0,66,1,193,0,25.384615384615383,0.38461538461538464,74.23076923076923,0.0,120179.43523264003,120179.43523264003,0.0,0.0092561551495097,,,,,6,0.5x,0.5,0.5,0.8684388245382344
Priority-Aware,3643.3469945380125,36636.59927184,260,140.90999719938463,136511684238.74997,79932607445.38664,41.446325352202265,21.359685439153196,77.95723821033201,0,0,77,17,166,0,29.615384615384617,6.538461538461538,63.84615384615385,0.0,113363.40072816005,113363.40072816005,0.0,0.0013603851234970184,,,,,6,0.5x,0.5,0.5,0.8328306020778521
Heuristic-TVD,4374.655524722705,127044.97601418654,260,488.6345231314867,136511684238.74997,855181571.6907263,99.37354697771138,0.3587609853034034,0.6610982650848071,0,0,259,0,1,0,99.61538461538461,0.0,0.38461538461538464,0.0,22955.023985813365,22955.023985813365,0.0,0.01449807616434275,,,,,6,0.5x,0.5,0.5,1.0
All-Downlink,2565.0205224621127,0.0,254,0.0,139247165035.33093,133818130750.98091,3.8988472641238503,34.17696786011753,78.97394509599184,0,0,0,0,260,0,0.0,0.0,100.0,0.0,150000.0,150000.0,0.0,0.0002853846616254976,,,,,7,0.5x,0.5,0.5,0.5705787835943975
All-On-Board,4495.471258681583,125123.68041114652,260,481.24492465825585,139247165035.33093,0.0,100.0,0.33567476844656313,0.661098265084729,0,0,260,0,0,0,100.0,0.0,0.0,0.0,24876.319588853527,24876.319588853527,0.0,0.00033807725860522344,,,,,7,0.5x,0.5,0.5,1.0
Fixed-Threshold,3248.001049069735,52786.59212821327,258,204.59919429540028,139247165035.33093,46749516509.30801,66.42695275164392,8.835301087292965,72.80963503318573,0,0,105,100,55,0,40.38461538461539,38.46153846153846,21.153846153846153,0.0,97213.4078717868,97213.4078717868,0.0,0.0010438458188078725,,,,,7,0.5x,0.5,0.5,0.7225051306461467
Deadline-Energy,3912.7852908677223,35631.285546826664,260,137.04340594933333,139247165035.33093,99881808965.40207,28.270131072284855,11.838968943251544,68.4461327724551,0,0,71,0,189,0,27.307692307692307,0.0,72.6923076923077,0.0,114368.71445317336,114368.71445317336,0.0,0.009601922871437497,,,,,7,0.5x,0.5,0.5,0.8703837853064711
Priority-Aware,3957.515422006299,50743.18247487999,260,195.16608644184612,139247165035.33093,77464709916.8403,44.36891415549802,9.247300119530852,72.90775365767003,0,0,101,16,143,0,38.84615384615385,6.153846153846154,55.0,0.0,99256.81752512009,99256.81752512009,0.0,0.0014542312083694225,,,,,7,0.5x,0.5,0.5,0.8803338280416336
Heuristic-TVD,4494.322596421924,124093.58646426651,260,477.2830248625635,139247165035.33093,416226126.0627852,99.70108825845239,0.33567476844656313,0.661098265084732,0,0,259,0,1,0,99.61538461538461,0.0,0.38461538461538464,0.0,25906.413535733525,25906.413535733525,0.0,0.01441307809168043,,,,,7,0.5x,0.5,0.5,0.9997444845726816
All-Downlink,2533.5936614346742,0.0,256,0.0,147675122448.8456,136992547483.91032,7.233835183468839,31.06743035179552,79.44232709372092,0,0,0,0,260,0,0.0,0.0,100.0,0.0,150000.0,150000.0,0.0,0.00028000090074223967,,,,,8,0.5x,0.5,0.5,0.5839898351328604
All-On-Board,4338.420823469076,128446.12839258654,260,494.02357074071745,147675122448.8456,0.0,100.0,0.3251271429311601,0.6610982650848201,0,0,260,0,0,0,100.0,0.0,0.0,0.0,21553.871607413366,21553.871607413366,0.0,0.0003280768466468614,,,,,8,0.5x,0.5,0.5,1.0
Fixed-Threshold,3086.220956512011,51137.113183039895,258,198.20586505054223,147675122448.8456,50189131471.694786,66.01382098797298,7.909545745180791,77.9508158178969,0,0,98,103,59,0,37.69230769230769,39.61538461538461,22.692307692307693,0.0,98862.88681696025,98862.88681696025,0.0,0.001357692347552914,,,,,8,0.5x,0.5,0.5,0.7113696623934733
Deadline-Energy,3837.4028644311966,36534.910088639976,260,140.5188849563076,147675122448.8456,107986139264.03853,26.87587626585871,10.647973555536677,74.23923498141562,0,0,72,1,187,0,27.692307692307693,0.38461538461538464,71.92307692307692,0.0,113465.08991136006,113465.08991136006,0.0,0.012173463003889013,,,,,8,0.5x,0.5,0.5,0.8845160533234633
Priority-Aware,3796.929678792544,43698.150676053316,259,168.71872847897032,147675122448.8456,91277240214.14523,38.19050988377308,11.816140087959745,78.44504524348606,0,0,85,8,167,0,32.69230769230769,3.076923076923077,64.23076923076923,0.0,106301.84932394674,106301.84932394674,0.0,0.001910386289147517,,,,,8,0.5x,0.5,0.5,0.8751870400060577
Heuristic-TVD,4338.404045551021,126351.83458309321,260,485.9685945503585,147675122448.8456,1597923022.6613972,98.91794704743522,0.3251271429311601,0.6610982650848201,0,0,258,0,2,0,99.23076923076923,0.0,0.7692307692307693,0.0,23648.165416906697,23648.165416906697,0.0,0.015471537167636247,,,,,8,0.5x,0.5,0.5,0.9999961327130914
All-Downlink,2555.748586379738,0.0,256,0.0,145047080871.27374,138274748222.04004,4.669058217892719,37.4960716972247,80.08159020947357,0,0,0,0,260,0,0.0,0.0,100.0,0.0,150000.0,150000.0,0.0,0.0002703843235324782,,,,,9,0.5x,0.5,0.5,0.5692613888925108
All-On-Board,4489.587096978256,118645.9048508799,260,456.330403272615,145047080871.27374,0.0,100.0,0.3251271429311601,0.6985189215990734,0,0,260,0,0,0,100.0,0.0,0.0,0.0,31354.095149120134,31354.095149120134,0.0,0.00034000057404717576,,,,,9,0.5x,0.5,0.5,1.0
Fixed-Threshold,3454.8684530027795,51998.33626890657,259,200.76577710002536,145047080871.27374,44879980875.95698,69.058335675306,0.6322701621976496,75.09492307096168,0,0,116,86,58,0,44.61538461538461,33.07692307692308,22.307692307692307,0.0,98001.66373109342,98001.66373109342,0.0,0.0018253850822265332,,,,,9,0.5x,0.5,0.5,0.7695292191409093
Deadline-Energy,4016.712802046287,32111.688917813335,260,123.5064958377436,145047080871.27374,102072848551.6437,29.62778158753072,10.752650312716167,66.8191582745461,0,0,72,0,188,0,27.692307692307693,0.0,72.3076923076923,0.0,117888.31108218663,117888.31108218663,0.0,0.009667308208568452,,,,,9,0.5x,0.5,0.5,0.8946730991698011
Priority-Aware,3973.699530561209,40367.278922186684,260,155.2587650853334,145047080871.27374,88415641780.66504,39.04348763893285,11.438537449130916,76.80100423138477,0,0,88,6,166,0,33.84615384615385,2.3076923076923075,63.84615384615385,0.0,109632.7210778133,109632.7210778133,0.0,0.0013569238944910467,,,,,9,0.5x,0.5,0.5,0.8850924249215995
Heuristic-TVD,4489.587096978256,118645.9048508799,260,456.330403272615,145047080871.27374,0.0,100.0,0.3251271429311601,0.6985189215990734,0,0,260,0,0,0,100.0,0.0,0.0,0.0,31354.095149120134,31354.095149120134,0.0,0.014236537502326358,,,,,9,0.5x,0.5,0.5,1.0
All-Downlink,2608.328853807614,0.0,254,0.0,141896346105.7374,127474006832.71404,10.163996233050444,35.479692026056966,736.9298172144859,0,0,0,0,260,0,0.0,0.0,100.0,0.0,150000.0,150000.0,0.0,0.0002773080128603257,,,,,0,1.0x 4090,1.0,1.0,0.6718181597944738
All-On-Board,2495.4586920317124,149948.95533034668,152,986.5062850680703,141896346105.7374,0.0,100.0,1.2723023214839486,1149.2038027363044,0,108,152,0,0,108,58.46153846153846,0.0,0.0,41.53846153846154,51.044669653337905,51.044669653337905,0.0,0.00034230794811334746,,,,,0,1.0x 4090,1.0,1.0,0.6427465861432843
Fixed-Threshold,3070.2737789215994,94471.08069536008,257,367.5917536784439,141896346105.7374,49934240241.08709,64.80935442560487,8.822536083118454,76.86289261501675,0,0,102,94,64,0,39.23076923076923,36.15384615384615,24.615384615384617,0.0,55528.919304639734,55528.919304639734,0.0,0.001743846559503044,,,,,0,1.0x 4090,1.0,1.0,0.7907997019659826
Deadline-Energy,3747.037656026518,58049.70900277334,260,223.26811154912824,141896346105.7374,105779966974.30736,25.452649150329123,15.415767963420148,71.4423141796664,0,0,65,0,195,0,25.0,0.0,75.0,0.0,91950.2909972267,91950.2909972267,0.0,0.009850769576867325,,,,,0,1.0x 4090,1.0,1.0,0.9651114118825784
Priority-Aware,3617.477246642703,71807.82541055996,259,277.2502911604632,141896346105.7374,89315751073.92041,37.05563707231426,20.631380747971463,110.33912208829416,0,0,78,12,170,0,30.0,4.615384615384615,65.38461538461539,0.0,78192.17458944001,78192.17458944001,0.0,0.0013973082576950009,,,,,0,1.0x 4090,1.0,1.0,0.9317409894040664
Heuristic-TVD,3882.4923318618953,149952.72988789337,255,588.0499211289936,141896346105.7374,42621549426.45103,69.96289855505471,1.0218073941260324,76.23202046570702,0,0,168,0,92,0,64.61538461538461,0.0,35.38461538461539,0.0,47.27011210666029,47.27011210666029,0.0,0.014369998489900563,,,,,0,1.0x 4090,1.0,1.0,1.0
All-Downlink,2566.3119925629917,0.0,257,0.0,138183152908.2682,131685291155.26335,4.702354531828057,39.57007844914237,111.89255143557872,0,0,0,0,260,0,0.0,0.0,100.0,0.0,150000.0,150000.0,0.0,0.0002734621655410872,,,,,1,1.0x 4090,1.0,1.0,0.6495524132129163
All-On-Board,2718.6959638506332,149948.73988490662,161,931.358632825507,138183152908.2682,0.0,100.0,1.1894509169151812,1209.5554866509997,0,99,161,0,0,99,61.92307692307692,0.0,0.0,38.07692307692308,51.260115093307604,51.260115093307604,0.0,0.00036230810040321486,,,,,1,1.0x 4090,1.0,1.0,0.6881219155071413
Fixed-Threshold,3067.7537128503677,98632.12012848012,259,380.8189966350584,138183152908.2682,43894861169.01148,68.23428888024378,4.033877747579391,79.0500106006302,0,0,106,97,57,0,40.76923076923077,37.30769230769231,21.923076923076923,0.0,51367.879871519785,51367.879871519785,0.0,0.0010923090695331877,,,,,1,1.0x 4090,1.0,1.0,0.7764709953814897
Deadline-Energy,3857.038359997837,69168.98741205335,260,266.03456696943596,138183152908.2682,97623791629.69403,29.35188583046674,10.28411112853179,72.25500075728323,0,0,72,0,188,0,27.692307692307693,0.0,72.3076923076923,0.0,80831.01258794659,80831.01258794659,0.0,0.010638460942293303,,,,,1,1.0x 4090,1.0,1.0,0.9762447363577478
Priority-Aware,3730.4177721467545,81370.69273706671,260,312.96420283487197,138183152908.2682,83081342987.12921,39.87592464163695,12.934506397489773,79.30292719235098,0,0,87,10,163,0,33.46153846153846,3.8461538461538463,62.69230769230769,0.0,68629.3072629333,68629.3072629333,0.0,0.0014323089719535066,,,,,1,1.0x 4090,1.0,1.0,0.9441961356266385
Heuristic-TVD,3950.892861546158,149571.7581421866,258,579.7354966751418,138183152908.2682,39288217251.275154,71.56801214591164,0.9832486245364028,79.30292719235098,0,0,169,0,91,0,65.0,0.0,35.0,0.0,428.24185781330334,428.24185781330334,0.0,0.0130996158427129,,,,,1,1.0x 4090,1.0,1.0,1.0
All-Downlink,2556.686277673104,0.0,253,0.0,143551818802.25815,133655118349.42921,6.894165838791344,37.746426882901076,754.0107986472566,0,0,0,0,260,0,0.0,0.0,100.0,0.0,150000.0,150000.0,0.0,0.0002734608222873738,,,,,2,1.0x 4090,1.0,1.0,0.6670860468979014
All-On-Board,2606.552789094082,149988.82686965325,159,943.3259551550518,143551818802.25815,0.0,100.0,1.1445659766542349,1232.274889842713,0,101,159,0,0,101,61.15384615384615,0.0,0.0,38.84615384615385,11.173130346692119,11.173130346692119,0.0,0.0003384603097891578,,,,,2,1.0x 4090,1.0,1.0,0.6800971285730003
Fixed-Threshold,3079.685258293876,94538.50614015998,258,366.4283183727131,143551818802.25815,43453490187.54808,69.72975295603531,7.619225395042789,77.43346582313498,0,0,103,90,67,0,39.61538461538461,34.61538461538461,25.76923076923077,0.0,55461.493859840106,55461.493859840106,0.0,0.0010073084223012512,,,,,2,1.0x 4090,1.0,1.0,0.8035460128939919
Deadline-Energy,3772.396708012707,71163.84858981332,260,273.70710996082045,143551818802.25815,100349432288.78314,30.09532507072311,12.860969370166428,71.43436513271442,0,0,71,1,188,0,27.307692307692307,0.38461538461538464,72.3076923076923,0.0,78836.15141018668,78836.15141018668,0.0,0.009566537762741344,,,,,2,1.0x 4090,1.0,1.0,0.9842870551834726
Priority-Aware,3584.112271606004,70468.98847098667,260,271.03457104225646,143551818802.25815,81765352376.60277,43.0412285550808,21.402373422387853,78.4072189003879,0,0,74,15,171,0,28.46153846153846,5.769230769230769,65.76923076923077,0.0,79531.01152901343,79531.01152901343,0.0,0.0013388472815187504,,,,,2,1.0x 4090,1.0,1.0,0.9351602141346522
Heuristic-TVD,3832.618429904604,149875.4171290666,254,590.0606973585299,143551818802.25815,42153956555.43225,70.63502440641376,0.7668729075820011,111.32618025258745,0,0,167,0,93,0,64.23076923076923,0.0,35.76923076923077,0.0,124.58287093335002,124.58287093335002,0.0,0.013458846436920933,,,,,2,1.0x 4090,1.0,1.0,1.0
All-Downlink,2523.31517969433,0.0,255,0.0,145714942829.99643,141823142641.82233,2.670831221966452,40.634583839711894,79.65998313243796,0,0,0,0,260,0,0.0,0.0,100.0,0.0,150000.0,150000.0,0.0,0.00026615430565121083,,,,,3,1.0x 4090,1.0,1.0,0.6330957870596586
All-On-Board,2622.849838318015,149676.17291999998,158,947.3175501265822,145714942829.99643,0.0,100.0,1.1894509169151812,1204.4435298936867,0,102,158,0,0,102,60.76923076923077,0.0,0.0,39.23076923076923,323.82708000001776,323.82708000001776,0.0,0.00034346001204819634,,,,,3,1.0x 4090,1.0,1.0,0.6580688754586711
Fixed-Threshold,3266.09456742782,110267.08696949345,257,429.0548131108695,145714942829.99643,53173078967.439766,63.50883585805194,4.809570752939726,78.33749969722065,0,0,109,78,73,0,41.92307692307692,30.0,28.076923076923077,0.0,39732.913030506636,39732.913030506636,0.0,0.0009873071506332892,,,,,3,1.0x 4090,1.0,1.0,0.8194579604706674
Deadline-Energy,3844.9481927810575,71697.5270752,260,275.75971952000003,145714942829.99643,109056964346.36604,25.157322764350077,15.42668608128982,77.05464053457004,0,0,73,0,187,0,28.076923076923077,0.0,71.92307692307692,0.0,78302.47292479995,78302.47292479995,0.0,0.009681538414532462,,,,,3,1.0x 4090,1.0,1.0,0.9646914194077069
Priority-Aware,3776.5955203922576,77461.86944597335,260,297.9302670998975,145714942829.99643,96411603040.62616,33.83547276060204,16.769847643845956,78.1803292091174,0,0,81,12,167,0,31.153846153846153,4.615384615384615,64.23076923076923,0.0,72538.1305540266,72538.1305540266,0.0,0.0015884612086945428,,,,,3,1.0x 4090,1.0,1.0,0.9475418420295608
Heuristic-TVD,3985.6767826770415,149921.3306329599,257,583.3514810621008,145714942829.99643,48351527943.053314,66.81772850196677,1.0025280093312177,67.95993451600984,0,0,165,0,95,0,63.46153846153846,0.0,36.53846153846154,0.0,78.66936704002819,78.66936704002819,0.0,0.014039613933374103,,,,,3,1.0x 4090,1.0,1.0,1.0
All-Downlink,2449.820990927939,0.0,259,0.0,143751290598.0329,136549823818.19585,5.009671043562514,36.22262312100996,726.9090733329451,0,0,0,0,260,0,0.0,0.0,100.0,0.0,150000.0,150000.0,0.0,0.00027500019104291615,,,,,4,1.0x 4090,1.0,1.0,0.6203201779026885
All-On-Board,2530.153665705577,149651.71670047997,153,978.1157954279737,143751290598.0329,0.0,100.0,1.2723023214839486,1154.2811964640387,0,107,153,0,0,107,58.84615384615385,0.0,0.0,41.15384615384615,348.28329952004196,348.28329952004196,0.0,0.00033692385141666117,,,,,4,1.0x 4090,1.0,1.0,0.6406612474314413
Fixed-Threshold,3255.1282785248836,109474.61568725345,260,421.05621418174405,143751290598.0329,48784444087.374435,66.06330010365696,7.165397066344303,78.25919961500782,0,0,110,78,72,0,42.30769230769231,30.0,27.692307692307693,0.0,40525.384312746755,40525.384312746755,0.0,0.0009780764230526984,,,,,4,1.0x 4090,1.0,1.0,0.8242323664904962
Deadline-Energy,3856.879439805607,72710.54138586667,260,279.6559284071795,143751290598.0329,96634432667.29465,32.77665037630138,11.325929860212394,73.14807775617477,0,0,79,1,180,0,30.384615384615383,0.38461538461538464,69.23076923076923,0.0,77289.45861413333,77289.45861413333,0.0,0.00988153937774209,,,,,4,1.0x 4090,1.0,1.0,0.976602024845582
Priority-Aware,3747.2334643115846,79116.98688778667,260,304.29610341456413,143751290598.0329,78843845988.82722,45.15259956218708,14.598307059213402,722.8285196627825,0,0,88,14,158,0,33.84615384615385,5.384615384615385,60.76923076923077,0.0,70883.01311221336,70883.01311221336,0.0,0.0013303854547512645,,,,,4,1.0x 4090,1.0,1.0,0.9488385224196342
Heuristic-TVD,3949.284705215973,149888.1055233066,259,578.718554144041,143751290598.0329,39489818184.92574,72.52906876825902,1.0777419947470057,722.8285196627825,0,0,167,0,93,0,64.23076923076923,0.0,35.76923076923077,0.0,111.89447669336346,111.89447669336346,0.0,0.015616538831426833,,,,,4,1.0x 4090,1.0,1.0,1.0
All-Downlink,2624.3317650948316,0.0,259,0.0,145966253614.7567,142154292336.35153,2.611536011923654,32.73609921005294,77.76358537846562,0,0,0,0,260,0,0.0,0.0,100.0,0.0,150000.0,150000.0,0.0,0.00026692365421555366,,,,,5,1.0x 4090,1.0,1.0,0.6665479805185078
All-On-Board,2454.6520370557223,149928.29939221338,153,979.9235254393031,145966253614.7567,0.0,100.0,1.1894509169151812,1280.093058700196,0,107,153,0,0,107,58.84615384615385,0.0,0.0,41.15384615384615,71.70060778667579,71.70060778667579,0.0,0.0003792305226222827,,,,,5,1.0x 4090,1.0,1.0,0.6234514172090625
Fixed-Threshold,3160.25763127706,97302.33349008001,260,374.23974419261543,145966253614.7567,53835526053.87235,63.11782708628088,9.936737857560608,71.94880900971727,0,0,105,89,66,0,40.38461538461539,34.23076923076923,25.384615384615383,0.0,52697.66650991997,52697.66650991997,0.0,0.0012780772522091866,,,,,5,1.0x 4090,1.0,1.0,0.8026665568976984
Deadline-Energy,3736.392823105972,55724.94501317332,260,214.32671158912814,145966253614.7567,115042162606.88376,21.185781125471483,16.026909080403055,71.36271956499577,0,0,59,1,200,0,22.692307692307693,0.38461538461538464,76.92307692307692,0.0,94275.05498682667,94275.05498682667,0.0,0.010527693106828688,,,,,5,1.0x 4090,1.0,1.0,0.948997807285672
Priority-Aware,3721.6376738607496,81787.42338042668,260,314.5670130016411,145966253614.7567,97435093163.56842,33.24820583480533,16.058096002124003,74.03864247899895,0,0,85,9,166,0,32.69230769230769,3.4615384615384617,63.84615384615385,0.0,68212.57661957334,68212.57661957334,0.0,0.0013338469076328552,,,,,5,1.0x 4090,1.0,1.0,0.9452501809137079
Heuristic-TVD,3937.198584043962,149787.40836597333,259,578.3297620307851,145966253614.7567,52641966177.041336,63.935522853126514,0.9832486245364028,61.70983823207116,0,0,166,0,94,0,63.84615384615385,0.0,36.15384615384615,0.0,212.5916340266608,212.5916340266608,0.0,0.013982692102077775,,,,,5,1.0x 4090,1.0,1.0,1.0
All-Downlink,2656.6870243738504,0.0,257,0.0,136511684238.74997,125544697380.47523,8.033734928575198,35.892371621477345,112.48918967135168,0,0,0,0,260,0,0.0,0.0,100.0,0.0,150000.0,150000.0,0.0,0.00036192337015213876,,,,,6,1.0x 4090,1.0,1.0,0.6716396615968278
All-On-Board,2566.6595851616535,149652.1489362133,150,997.6809929080888,136511684238.74997,0.0,100.0,1.2645403243952993,1209.4404617080772,0,110,150,0,0,110,57.69230769230769,0.0,0.0,42.30769230769231,347.8510637866695,347.8510637866695,0.0,0.0003238455974496901,,,,,6,1.0x 4090,1.0,1.0,0.648879736075996
Fixed-Threshold,3188.616449032397,99648.48075525332,258,386.2344215319896,136511684238.74997,44829547598.12704,67.16065159688227,3.3926807072806695,75.48668826362353,0,0,105,89,66,0,40.38461538461539,34.23076923076923,25.384615384615383,0.0,50351.51924474671,50351.51924474671,0.0,0.0009780768708039362,,,,,6,1.0x 4090,1.0,1.0,0.8061172630204523
Deadline-Energy,3774.4549894033107,59623.26823472,260,229.32026244123077,136511684238.74997,94917012113.92496,30.46967910239732,14.60893868356937,73.92129724806482,0,0,66,1,193,0,25.384615384615383,0.38461538461538464,74.23076923076923,0.0,90376.73176528004,90376.73176528004,0.0,0.010108844883059366,,,,,6,1.0x 4090,1.0,1.0,0.954223681049816
Priority-Aware,3607.574591128856,72969.55644367999,260,280.65214016799996,136511684238.74997,79932607445.38664,41.446325352202265,21.359685439153196,77.95723821033201,0,0,77,17,166,0,29.615384615384617,6.538461538461538,63.84615384615385,0.0,77030.44355632007,77030.44355632007,0.0,0.0013534615461069804,,,,,6,1.0x 4090,1.0,1.0,0.9120344833024391
Heuristic-TVD,3955.5243328804604,149715.49098826657,257,582.550548592477,136511684238.74997,41220788579.558304,69.80420481263285,1.1445659766542198,75.21373487501121,0,0,166,0,94,0,63.84615384615385,0.0,36.15384615384615,0.0,284.50901173332545,284.50901173332545,0.0,0.013198461517906534,,,,,6,1.0x 4090,1.0,1.0,1.0
All-Downlink,2565.0205224621127,0.0,254,0.0,139247165035.33093,133818130750.98091,3.8988472641238503,34.17696786011753,78.97394509599184,0,0,0,0,260,0,0.0,0.0,100.0,0.0,150000.0,150000.0,0.0,0.00026269218114276347,,,,,7,1.0x 4090,1.0,1.0,0.6246863561089259
All-On-Board,2701.892088043181,149982.54397749322,157,955.3028278821224,139247165035.33093,0.0,100.0,1.2567783273065893,1238.8769180690326,0,103,157,0,0,103,60.38461538461539,0.0,0.0,39.61538461538461,17.456022506699696,17.456022506699696,0.0,0.0003338451139055766,,,,,7,1.0x 4090,1.0,1.0,0.6580201243220901
Fixed-Threshold,3210.4606177632318,103787.05425642672,258,402.27540409467724,139247165035.33093,46749516509.30801,66.42695275164392,8.835301087292965,72.80963503318573,0,0,105,100,55,0,40.38461538461539,38.46153846153846,21.153846153846153,0.0,46212.94574357334,46212.94574357334,0.0,0.0010015375804729187,,,,,7,1.0x 4090,1.0,1.0,0.7818771534882906
Deadline-Energy,3883.0840761585364,71262.57109365333,260,274.08681189866667,139247165035.33093,99881808965.40207,28.270131072284855,11.838968943251544,68.4461327724551,0,0,71,0,189,0,27.307692307692307,0.0,72.6923076923077,0.0,78737.42890634667,78737.42890634667,0.0,0.009535769976747151,,,,,7,1.0x 4090,1.0,1.0,0.9456882004482678
Priority-Aware,3909.780591382479,101200.58414975999,260,389.2330159606154,139247165035.33093,77464709916.8403,44.36891415549802,9.247300119530852,72.90775365767003,0,0,101,16,143,0,38.84615384615385,6.153846153846154,55.0,0.0,48799.41585024003,48799.41585024003,0.0,0.0013384614318895799,,,,,7,1.0x 4090,1.0,1.0,0.9521898828597767
Heuristic-TVD,4106.0933977159775,149688.3898704532,258,580.1875576374155,139247165035.33093,47359515028.27628,65.98888385536623,1.0218073941260437,59.41933453479224,0,0,169,1,90,0,65.0,0.38461538461538464,34.61538461538461,0.0,311.6101295466981,311.6101295466981,0.0,0.013329229953412253,,,,,7,1.0x 4090,1.0,1.0,1.0
All-Downlink,2533.5936614346742,0.0,256,0.0,147675122448.8456,136992547483.91032,7.233835183468839,31.06743035179552,79.44232709372092,0,0,0,0,260,0,0.0,0.0,100.0,0.0,150000.0,150000.0,0.0,0.0002719230206611638,,,,,8,1.0x 4090,1.0,1.0,0.6601360598268278
All-On-Board,2392.2520581169592,149649.83337631993,150,997.6655558421329,147675122448.8456,0.0,100.0,1.279891391770161,1254.5592709639975,0,110,150,0,0,110,57.69230769230769,0.0,0.0,42.30769230769231,350.1666236799206,350.1666236799206,0.0,0.00033923010610473843,,,,,8,1.0x 4090,1.0,1.0,0.6233090458805867
Fixed-Threshold,3052.4337548465774,100434.51246607995,258,389.28105607007734,147675122448.8456,50189131471.694786,66.01382098797298,7.909545745180791,77.9508158178969,0,0,98,103,59,0,37.69230769230769,39.61538461538461,22.692307692307693,0.0,49565.487533920204,49565.487533920204,0.0,0.0011192312320837607,,,,,8,1.0x 4090,1.0,1.0,0.7953215318141431
Deadline-Energy,3807.586330320566,73051.95887727995,260,280.96907260492287,147675122448.8456,107986139264.03853,26.87587626585871,10.647973555536677,74.23923498141562,0,0,72,1,187,0,27.692307692307693,0.38461538461538464,71.92307692307692,0.0,76948.04112272005,76948.04112272005,0.0,0.009750768367666751,,,,,8,1.0x 4090,1.0,1.0,0.9920789887534683
Priority-Aware,3757.5334994027057,87253.41095210667,259,336.88575657184043,147675122448.8456,91277240214.14523,38.19050988377308,11.816140087959745,78.44504524348606,0,0,85,8,167,0,32.69230769230769,3.076923076923077,64.23076923076923,0.0,62746.589047893365,62746.589047893365,0.0,0.0013607694059968567,,,,,8,1.0x 4090,1.0,1.0,0.9790375610422131
Heuristic-TVD,3837.9870690586226,149719.9602573866,257,582.567938744695,147675122448.8456,61385932170.2414,58.43177161305191,1.1445659766542424,75.53968085804092,0,0,155,0,105,0,59.61538461538461,0.0,40.38461538461539,0.0,280.0397426132629,280.0397426132629,0.0,0.012983846513984295,,,,,8,1.0x 4090,1.0,1.0,1.0
All-Downlink,2555.748586379738,0.0,256,0.0,145047080871.27374,138274748222.04004,4.669058217892719,37.4960716972247,80.08159020947357,0,0,0,0,260,0,0.0,0.0,100.0,0.0,150000.0,150000.0,0.0,0.0002649993313333163,,,,,9,1.0x 4090,1.0,1.0,0.6355344334468682
All-On-Board,2638.3301762790907,149873.5611089066,158,948.5668424614342,145047080871.27374,0.0,100.0,1.1894509169151812,1147.0703465055208,0,102,158,0,0,102,60.76923076923077,0.0,0.0,39.23076923076923,126.43889109329524,126.43889109329524,0.0,0.00032500034789196576,,,,,9,1.0x 4090,1.0,1.0,0.6560698821328325
Fixed-Threshold,3417.104630458127,102460.60073781348,259,395.60077504947293,145047080871.27374,44879980875.95698,69.058335675306,1.2723023214840092,75.09492307096168,0,0,116,86,58,0,44.61538461538461,33.07692307692308,22.307692307692307,0.0,47539.39926218667,47539.39926218667,0.0,0.0010250003050224711,,,,,9,1.0x 4090,1.0,1.0,0.8497266385748485
Deadline-Energy,3987.9015633096137,64223.37783562667,260,247.0129916754872,145047080871.27374,102072848551.6437,29.62778158753072,10.752650312716167,66.8191582745461,0,0,72,0,188,0,27.692307692307693,0.0,72.3076923076923,0.0,85776.62216437332,85776.62216437332,0.0,0.009934230407592483,,,,,9,1.0x 4090,1.0,1.0,0.9916659151008066
Priority-Aware,3933.4652272263816,80627.39004437336,260,310.10534632451294,145047080871.27374,88415641780.66504,39.04348763893285,11.438537449130916,76.80100423138477,0,0,88,6,166,0,33.84615384615385,2.3076923076923075,63.84615384615385,0.0,69372.60995562666,69372.60995562666,0.0,0.0013253846331141316,,,,,9,1.0x 4090,1.0,1.0,0.9781293073937917
Heuristic-TVD,4021.416388909796,149539.87916986653,257,581.8672341239943,145047080871.27374,40555041023.97266,72.04008465364124,0.9832486245364028,70.43976702267629,0,0,172,1,87,0,66.15384615384616,0.38461538461538464,33.46153846153846,0.0,460.12083013330334,460.12083013330334,0.0,0.013843460944302093,,,,,9,1.0x 4090,1.0,1.0,1.0
All-Downlink,2608.328853807614,0.0,254,0.0,141896346105.7374,127474006832.71404,10.163996233050444,35.479692026056966,736.9298172144859,0,0,0,0,260,0,0.0,0.0,100.0,0.0,150000.0,150000.0,0.0,0.0002688471935331248,,,,,0,2.0x edge,2.0,2.0,0.7048428443179942
All-On-Board,1245.2832950565332,149776.54486997335,79,1895.9056312654855,141896346105.7374,0.0,100.0,918.8484381093631,1574.7661268614127,0,181,79,0,0,181,30.384615384615383,0.0,0.0,69.61538461538461,223.45513002669486,223.45513002669486,0.0,0.0003384614291672523,,,,,0,2.0x edge,2.0,2.0,0.3365101062268396
Fixed-Threshold,2579.296371190124,149993.68570981288,254,590.5263216921767,141896346105.7374,51928840494.04068,63.40368027845855,19.504749121194557,736.9298172144859,0,0,78,113,69,0,30.0,43.46153846153846,26.53846153846154,0.0,6.314290186669211,6.314290186669211,0.0,0.0010396153531753672,,,,,0,2.0x edge,2.0,2.0,0.6969974617866266
Deadline-Energy,3700.582157901358,116099.41800554669,260,446.53622309825647,141896346105.7374,105779966974.30736,25.452649150329123,15.415767963420148,71.4423141796664,0,0,65,0,195,0,25.0,0.0,75.0,0.0,33900.58199445331,33900.58199445331,0.0,0.009543461671385627,,,,,0,2.0x edge,2.0,2.0,1.0
Priority-Aware,3538.7637613907323,143401.31522111996,259,553.673031741776,141896346105.7374,89315751073.92041,37.05563707231426,20.631380747971463,110.33912208829416,0,0,78,12,170,0,30.0,4.615384615384615,65.38461538461539,0.0,6598.684778879975,6598.684778879975,0.0,0.0013334612818793035,,,,,0,2.0x edge,2.0,2.0,0.9562721783746602
Heuristic-TVD,3411.956250685501,149844.42331760004,255,587.6251894807845,141896346105.7374,77522486656.16496,45.36681966539346,8.617517756410962,729.9139444542953,0,0,92,3,165,0,35.38461538461539,1.1538461538461537,63.46153846153846,0.0,155.5766823999968,155.5766823999968,0.0,0.013613076589535922,,,,,0,2.0x edge,2.0,2.0,0.9220052697385483
All-Downlink,2566.3119925629917,0.0,257,0.0,138183152908.2682,131685291155.26335,4.702354531828057,39.57007844914237,111.89255143557872,0,0,0,0,260,0,0.0,0.0,100.0,0.0,150000.0,150000.0,0.0,0.0002661544175890203,,,,,1,2.0x edge,2.0,2.0,0.673775540963503
All-On-Board,1349.4678294334556,149974.92759509335,80,1874.686594938667,138183152908.2682,0.0,100.0,1022.7148908471293,1637.8916998476411,0,180,80,0,0,180,30.76923076923077,0.0,0.0,69.23076923076923,25.072404906715292,25.072404906715292,0.0,0.000338077146667414,,,,,1,2.0x edge,2.0,2.0,0.3542976923399359
Fixed-Threshold,2587.5566272954443,149735.65767306622,257,582.6290181831371,138183152908.2682,47114252037.15156,65.90448904547142,14.652095447711204,113.99575187406235,0,0,81,122,57,0,31.153846153846153,46.92307692307692,21.923076923076923,0.0,264.34232693335207,264.34232693335207,0.0,0.0010219234704541473,,,,,1,2.0x edge,2.0,2.0,0.6793532397393773
Deadline-Energy,3808.8530030240495,138337.9748241067,260,532.0691339388719,138183152908.2682,97623791629.69403,29.35188583046674,10.28411112853179,72.25500075728323,0,0,72,0,188,0,27.692307692307693,0.0,72.3076923076923,0.0,11662.025175893343,11662.025175893343,0.0,0.010674230333489295,,,,,1,2.0x edge,2.0,2.0,1.0
Priority-Aware,3507.279581504892,149526.92924335992,257,581.8168453049024,138183152908.2682,83767526680.33905,39.37934913386477,15.305397254312933,111.89255143557872,0,0,78,19,163,0,30.0,7.3076923076923075,62.69230769230769,0.0,473.07075663997693,473.07075663997693,0.0,0.001469232330027108,,,,,1,2.0x edge,2.0,2.0,0.9208230348402203
Heuristic-TVD,3441.317686080648,149934.78654752005,257,583.4038387063038,138183152908.2682,83882610330.41537,39.29606571786635,9.169088865196864,111.89255143557872,0,0,90,2,168,0,34.61538461538461,0.7692307692307693,64.61538461538461,0.0,65.2134524800349,65.2134524800349,0.0,0.015003077882843522,,,,,1,2.0x edge,2.0,2.0,0.9035049878134978
All-Downlink,2556.686277673104,0.0,253,0.0,143551818802.25815,133655118349.42921,6.894165838791344,37.746426882901076,754.0107986472566,0,0,0,0,260,0,0.0,0.0,100.0,0.0,150000.0,150000.0,0.0,0.00027615393404490675,,,,,2,2.0x edge,2.0,2.0,0.6873239398352253
All-On-Board,1283.014396038091,149591.81666005327,79,1893.5672994943452,143551818802.25815,0.0,100.0,1005.4133587747299,1702.6859326780414,0,181,79,0,0,181,30.384615384615383,0.0,0.0,69.61538461538461,408.18333994663533,408.18333994663533,0.0,0.00035961566027253866,,,,,2,2.0x edge,2.0,2.0,0.3449177622030344
Fixed-Threshold,2667.651413511747,149992.75812549322,253,592.8567514841629,143551818802.25815,48309303500.7321,66.34713241266702,20.057602736130683,754.0107986472566,0,0,82,95,83,0,31.53846153846154,36.53846153846154,31.923076923076923,0.0,7.24187450677158,7.24187450677158,0.0,0.0010953845608477981,,,,,2,2.0x edge,2.0,2.0,0.7171551299249148
Deadline-Energy,3719.768990275572,142309.83587962665,260,547.3455226139487,143551818802.25815,100349432288.78314,30.09532507072311,12.860969370166428,71.43436513271442,0,0,71,1,188,0,27.307692307692307,0.38461538461538464,72.3076923076923,0.0,7690.164120373313,7690.164120373313,0.0,0.009962307208647521,,,,,2,2.0x edge,2.0,2.0,1.0
Priority-Aware,3520.486361434699,140670.05744197342,260,541.0386824691285,143551818802.25815,81765352376.60277,43.0412285550808,21.402373422387853,78.4072189003879,0,0,74,15,171,0,28.46153846153846,5.769230769230769,65.76923076923077,0.0,9329.942558026625,9329.942558026625,0.0,0.002172691949034253,,,,,2,2.0x edge,2.0,2.0,0.9464260739411914
Heuristic-TVD,3323.994857877065,149544.14837360007,253,591.0835904094864,143551818802.25815,82598753140.5656,42.46067111532391,9.910162265329532,747.424522537116,0,0,87,3,170,0,33.46153846153846,1.1538461538461537,65.38461538461539,0.0,455.8516264000059,455.8516264000059,0.0,0.014122693056169037,,,,,2,2.0x edge,2.0,2.0,0.8936024969740965
All-Downlink,2523.31517969433,0.0,255,0.0,145714942829.99643,141823142641.82233,2.670831221966452,40.634583839711894,79.65998313243796,0,0,0,0,260,0,0.0,0.0,100.0,0.0,150000.0,150000.0,0.0,0.0002938458167661268,,,,,3,2.0x edge,2.0,2.0,0.6678530290602692
All-On-Board,1185.1337416674166,149883.21888874666,72,2081.7113734548147,145714942829.99643,0.0,100.0,1088.7000833066197,1624.678247442621,0,188,72,0,0,188,27.692307692307693,0.0,0.0,72.3076923076923,116.78111125334578,116.78111125334578,0.0,0.00035846191727054806,,,,,3,2.0x edge,2.0,2.0,0.3136727292664229
Fixed-Threshold,2906.766453919407,149999.71876026646,255,588.2341912167312,145714942829.99643,72182770077.7355,50.463028241413696,19.673898760019256,78.95306212402065,0,0,73,65,122,0,28.076923076923077,25.0,46.92307692307692,0.0,0.28123973333600816,0.28123973333600816,0.0,0.0012334617517458706,,,,,3,2.0x edge,2.0,2.0,0.7693421720135724
Deadline-Energy,3778.2492103762215,143395.0541504,260,551.5194390400001,145714942829.99643,109056964346.36604,25.157322764350077,15.42668608128982,77.05464053457004,0,0,73,0,187,0,28.076923076923077,0.0,71.92307692307692,0.0,6604.945849600069,6604.945849600069,0.0,0.00998884643195197,,,,,3,2.0x edge,2.0,2.0,1.0
Priority-Aware,3650.2899710680026,149014.49939546667,257,579.8229548461738,145714942829.99643,96411603040.62616,33.83547276060204,17.77278959265459,78.9210614943185,0,0,78,15,167,0,30.0,5.769230769230769,64.23076923076923,0.0,985.5006045333625,985.5006045333625,0.0,0.0017726912539309035,,,,,3,2.0x edge,2.0,2.0,0.9661326629919477
Heuristic-TVD,3408.9734347688764,149658.64388725336,255,586.8966426951113,145714942829.99643,94745984821.51222,34.97853893265358,15.686175952381443,78.9210614943185,0,0,85,2,173,0,32.69230769230769,0.7692307692307693,66.53846153846153,0.0,341.35611274665484,341.35611274665484,0.0,0.014475000296862653,,,,,3,2.0x edge,2.0,2.0,0.9022627267165962
All-Downlink,2449.820990927939,0.0,259,0.0,143751290598.0329,136549823818.19585,5.009671043562514,36.22262312100996,726.9090733329451,0,0,0,0,260,0,0.0,0.0,100.0,0.0,150000.0,150000.0,0.0,0.00030077006578302156,,,,,4,2.0x edge,2.0,2.0,0.6452582116163037
All-On-Board,1225.7622627606377,149439.6181653333,76,1966.3107653333327,143751290598.0329,0.0,100.0,961.4614869623562,1596.3421526087914,0,184,76,0,0,184,29.23076923076923,0.0,0.0,70.76923076923077,560.3818346666762,560.3818346666762,0.0,0.00043346148091726576,,,,,4,2.0x edge,2.0,2.0,0.32285345274802896
Fixed-Threshold,2712.743975484364,149987.1428649064,259,579.1009377023413,143751290598.0329,64776916828.97238,54.938201556669156,20.297972101579216,726.9090733329451,0,0,75,75,110,0,28.846153846153847,28.846153846153847,42.30769230769231,0.0,12.857135093277918,12.857135093277918,0.0,0.001060384742091768,,,,,4,2.0x edge,2.0,2.0,0.7145094815809059
Deadline-Energy,3796.6521724557306,145403.22147173336,260,559.2431595066668,143751290598.0329,96634432667.29465,32.77665037630138,11.325929860212394,73.14807775617477,0,0,79,1,180,0,30.384615384615383,0.38461538461538464,69.23076923076923,0.0,4596.778528266677,4596.778528266677,0.0,0.009446922138942262,,,,,4,2.0x edge,2.0,2.0,1.0
Priority-Aware,3588.8840346982465,149894.97039541334,259,578.7450594417504,143751290598.0329,79345712428.45,44.80347821688652,15.651558128545123,726.9090733329451,0,0,84,18,158,0,32.30769230769231,6.923076923076923,60.76923076923077,0.0,105.02960458667852,105.02960458667852,0.0,0.0015515380744965603,,,,,4,2.0x edge,2.0,2.0,0.9452759620002017
Heuristic-TVD,3310.162333197857,149498.55259008004,259,577.2144887647878,143751290598.0329,84268956244.82588,41.3786437017359,11.680140984058077,726.9090733329451,0,0,91,0,169,0,35.0,0.0,65.0,0.0,501.44740992000015,501.44740992000015,0.0,0.013761539034581242,,,,,4,2.0x edge,2.0,2.0,0.8718634688773176
All-Downlink,2624.3317650948316,0.0,259,0.0,145966253614.7567,142154292336.35153,2.611536011923654,32.73609921005294,77.76358537846562,0,0,0,0,260,0,0.0,0.0,100.0,0.0,150000.0,150000.0,0.0,0.00029538395420576516,,,,,5,2.0x edge,2.0,2.0,0.7128251277028539
All-On-Board,1240.3834812865707,149976.34844544003,78,1922.773698018462,145966253614.7567,0.0,100.0,1003.59593515036,1667.9906994079697,0,182,78,0,0,182,30.0,0.0,0.0,70.0,23.65155455992499,23.65155455992499,0.0,0.0003523079123204717,,,,,5,2.0x edge,2.0,2.0,0.3369149149542303
Fixed-Threshold,2772.967761552359,149995.62174207976,259,579.1336746798446,145966253614.7567,59646906018.582,59.13650960995008,15.07069277359519,76.54531676155146,0,0,82,96,82,0,31.53846153846154,36.92307692307692,31.53846153846154,0.0,4.3782579199287,4.3782579199287,0.0,0.0011026918610486274,,,,,5,2.0x edge,2.0,2.0,0.7531978711818971
Deadline-Energy,3681.5926699329298,111432.02872634663,260,428.58472587056394,145966253614.7567,115042162606.88376,21.185781125471483,16.026909080403055,71.36271956499577,0,0,59,1,200,0,22.692307692307693,0.38461538461538464,76.92307692307692,0.0,38567.971273653275,38567.971273653275,0.0,0.010929231827433866,,,,,5,2.0x edge,2.0,2.0,1.0
Priority-Aware,3479.6914012208663,149554.5499192533,259,577.4306946689317,145966253614.7567,98301050218.00523,32.65494743912005,17.803067772432588,75.64213874690826,0,0,76,18,166,0,29.23076923076923,6.923076923076923,63.84615384615385,0.0,445.4500807466611,445.4500807466611,0.0,0.0014450002569132126,,,,,5,2.0x edge,2.0,2.0,0.9451592593713682
Heuristic-TVD,3504.5796227267933,149523.14094128006,259,577.3094244837068,145966253614.7567,91117366072.24513,37.576416592339356,9.2396702396302,71.88916446915006,0,0,92,3,165,0,35.38461538461539,1.1538461538461537,63.46153846153846,0.0,476.85905871992736,476.85905871992736,0.0,0.014791153863860438,,,,,5,2.0x edge,2.0,2.0,0.9519194372990315
All-Downlink,2656.6870243738504,0.0,257,0.0,136511684238.74997,125544697380.47523,8.033734928575198,35.892371621477345,112.48918967135168,0,0,0,0,260,0,0.0,0.0,100.0,0.0,150000.0,150000.0,0.0,0.000317307198061966,,,,,6,2.0x edge,2.0,2.0,0.7130396519032252
All-On-Board,1301.9650072299144,149815.93953557324,79,1896.4042979186486,136511684238.74997,0.0,100.0,952.1689734138058,1639.5086217694477,0,181,79,0,0,181,30.384615384615383,0.0,0.0,69.61538461538461,184.060464426708,184.060464426708,0.0,0.00037499983311415865,,,,,6,2.0x edge,2.0,2.0,0.3494399856016912
Fixed-Threshold,2809.046306699069,149987.15659311973,257,583.6076132028005,136511684238.74997,51967076445.045616,61.93214028906229,17.25407327884744,112.35174409505873,0,0,82,91,87,0,31.53846153846154,35.0,33.46153846153846,0.0,12.843406880097916,12.843406880097916,0.0,0.0010646163271023678,,,,,6,2.0x edge,2.0,2.0,0.7539320146982006
Deadline-Energy,3725.861552415349,119228.67516944002,260,458.5718275747693,136511684238.74997,94917012113.92496,30.46967910239732,14.60893868356937,73.92129724806482,0,0,66,1,193,0,25.384615384615383,0.38461538461538464,74.23076923076923,0.0,30771.324830559985,30771.324830559985,0.0,0.010015769490005018,,,,,6,2.0x edge,2.0,2.0,1.0
Priority-Aware,3536.302758062551,145635.47078736,260,560.1364261052308,136511684238.74997,79932607445.38664,41.446325352202265,21.359685439153196,77.95723821033201,0,0,77,17,166,0,29.615384615384617,6.538461538461538,63.84615384615385,0.0,4364.529212640038,4364.529212640038,0.0,0.0015119244031106622,,,,,6,2.0x edge,2.0,2.0,0.9491235002465637
Heuristic-TVD,3505.1179163110833,149499.08979797334,257,581.7085206146822,136511684238.74997,76301679220.78217,44.10611835442925,10.472478522109972,77.97047621988175,0,0,90,4,166,0,34.61538461538461,1.5384615384615385,63.84615384615385,0.0,500.91020202668483,500.91020202668483,0.0,0.01530461472262127,,,,,6,2.0x edge,2.0,2.0,0.9407536665013317
All-Downlink,2565.0205224621127,0.0,254,0.0,139247165035.33093,133818130750.98091,3.8988472641238503,34.17696786011753,78.97394509599184,0,0,0,0,260,0,0.0,0.0,100.0,0.0,150000.0,150000.0,0.0,0.0003146150937447181,,,,,7,2.0x edge,2.0,2.0,0.6705928752629486
All-On-Board,1340.5353960017999,149986.00393621332,81,1851.6790609409052,139247165035.33093,0.0,100.0,986.0557922734915,1624.8750182412368,0,179,81,0,0,179,31.153846153846153,0.0,0.0,68.84615384615384,13.99606378660576,13.99606378660576,0.0,0.0003457690651815098,,,,,7,2.0x edge,2.0,2.0,0.3504663910968302
Fixed-Threshold,2623.646215271133,149998.09842309295,254,590.543694579106,139247165035.33093,51253489114.372795,63.192436196910485,14.490566809067362,76.97761158141589,0,0,77,123,60,0,29.615384615384617,47.30769230769231,23.076923076923077,0.0,1.9015769066706696,1.9015769066706696,0.0,0.0010661548003554344,,,,,7,2.0x edge,2.0,2.0,0.6859198371959263
Deadline-Energy,3825.00413750494,142525.14218730666,260,548.1736237973333,139247165035.33093,99881808965.40207,28.270131072284855,11.838968943251544,68.4461327724551,0,0,71,0,189,0,27.307692307692307,0.0,72.6923076923077,0.0,7474.857812693315,7474.857812693315,0.0,0.010038845133609496,,,,,7,2.0x edge,2.0,2.0,1.0
Priority-Aware,3321.7184585510595,149486.67833045305,254,588.530229647453,139247165035.33093,80966162453.03665,41.85435485706782,16.6103940173423,78.97394509599184,0,0,73,44,143,0,28.076923076923077,16.923076923076923,55.0,0.0,513.3216695466595,513.3216695466595,0.0,0.0014419236462205076,,,,,7,2.0x edge,2.0,2.0,0.8684221870457439
Heuristic-TVD,3315.152485243372,149996.63425536003,254,590.5379301392127,139247165035.33093,96401568677.14574,30.769456848413434,12.988289428177026,78.65523991704464,0,0,83,0,177,0,31.923076923076923,0.0,68.07692307692308,0.0,3.3657446399402033,3.3657446399402033,0.0,0.01453269192447456,,,,,7,2.0x edge,2.0,2.0,0.8667055945737759
All-Downlink,2533.5936614346742,0.0,256,0.0,147675122448.8456,136992547483.91032,7.233835183468839,31.06743035179552,79.44232709372092,0,0,0,0,260,0,0.0,0.0,100.0,0.0,150000.0,150000.0,0.0,0.00028115374824175466,,,,,8,2.0x edge,2.0,2.0,0.6767469771219593
All-On-Board,1095.5335508235146,149618.46159999998,74,2021.8711027027025,147675122448.8456,0.0,100.0,1044.4393870551921,1685.9901287427201,0,186,74,0,0,186,28.46153846153846,0.0,0.0,71.53846153846153,381.53840000001856,381.53840000001856,0.0,0.0003538467213869668,,,,,8,2.0x edge,2.0,2.0,0.2926274367278275
Fixed-Threshold,2692.549758785233,149994.03084378646,256,585.9141829835409,147675122448.8456,59850021432.91749,59.47183219458685,16.67541626994607,79.4157147396965,0,0,75,99,86,0,28.846153846153847,38.07692307692308,33.07692307692308,0.0,5.969156213569278,5.969156213569278,0.0,0.0010526930474532912,,,,,8,2.0x edge,2.0,2.0,0.719205663380347
Deadline-Energy,3743.782753503286,146086.0564545599,260,561.8694479021535,147675122448.8456,107986139264.03853,26.87587626585871,10.647973555536677,74.23923498141562,0,0,72,1,187,0,27.692307692307693,0.38461538461538464,71.92307692307692,0.0,3913.943545440015,3913.943545440015,0.0,0.009531154333112331,,,,,8,2.0x edge,2.0,2.0,1.0
Priority-Aware,3471.6506338236413,149994.51958602655,256,585.9160921329162,147675122448.8456,93627113407.60844,36.59926475426442,17.8656110626934,79.33171732849058,0,0,72,14,174,0,27.692307692307693,5.384615384615385,66.92307692307692,0.0,5.480413973394008,5.480413973394008,0.0,0.001402308071891849,,,,,8,2.0x edge,2.0,2.0,0.9273109211732454
Heuristic-TVD,3307.4956798504168,149964.7757629334,256,585.7999053239586,147675122448.8456,89818509809.77893,39.17830686689161,10.628313743488736,79.33171732849058,0,0,84,1,175,0,32.30769230769231,0.38461538461538464,67.3076923076923,0.0,35.22423706663767,35.22423706663767,0.0,0.01553615483527,,,,,8,2.0x edge,2.0,2.0,0.8834635708376484
All-Downlink,2555.748586379738,0.0,256,0.0,145047080871.27374,138274748222.04004,4.669058217892719,37.4960716972247,80.08159020947357,0,0,0,0,260,0,0.0,0.0,100.0,0.0,150000.0,150000.0,0.0,0.00027961594661554467,,,,,9,2.0x edge,2.0,2.0,0.6504356199634315
All-On-Board,1397.2421199586765,149875.8871054933,83,1805.7335795842569,145047080871.27374,0.0,100.0,978.4702721767959,1575.3016435763097,0,177,83,0,0,177,31.923076923076923,0.0,0.0,68.07692307692308,124.11289450659979,124.11289450659979,0.0,0.00034230682873525296,,,,,9,2.0x edge,2.0,2.0,0.3555968100217928
Fixed-Threshold,2990.918783093822,149984.69311999987,256,585.8777074999995,145047080871.27374,66366828932.14658,54.2446297205762,15.189336543031793,80.39827734205076,0,0,86,60,114,0,33.07692307692308,23.076923076923077,43.84615384615385,0.0,15.306879999941032,15.306879999941032,0.0,0.0011026928684889125,,,,,9,2.0x edge,2.0,2.0,0.7611860271818033
Deadline-Energy,3929.2875542754346,128446.75567125334,260,494.0259833509744,145047080871.27374,102072848551.6437,29.62778158753072,10.752650312716167,66.8191582745461,0,0,72,0,188,0,27.692307692307693,0.0,72.3076923076923,0.0,21553.244328746612,21553.244328746612,0.0,0.00990576831659732,,,,,9,2.0x edge,2.0,2.0,1.0
Priority-Aware,3764.9643729812947,149366.77794352,257,581.1936884961867,145047080871.27374,88979134548.79485,38.654998077650404,13.841536544137368,79.06766635113091,0,0,83,11,166,0,31.923076923076923,4.230769230769231,63.84615384615385,0.0,633.2220564799381,633.2220564799381,0.0,0.0015765384887345135,,,,,9,2.0x edge,2.0,2.0,0.9581799043657824
Heuristic-TVD,3535.2695469855257,149903.63339685337,256,585.5610679564585,145047080871.27374,78440486243.95866,45.92067225842831,9.501197888377405,79.06766635113091,0,0,95,1,164,0,36.53846153846154,0.38461538461538464,63.07692307692308,0.0,96.36660314658684,96.36660314658684,0.0,0.013734998803836508,,,,,9,2.0x edge,2.0,2.0,0.8997227864218845
All-Downlink,2608.328853807614,0.0,254,0.0,141896346105.7374,127474006832.71404,10.163996233050444,35.479692026056966,736.9298172144859,0,0,0,0,260,0,0.0,0.0,100.0,0.0,150000.0,150000.0,0.0,0.00030923054929679405,,,,,0,4.0x constrained,4.0,4.0,0.8082273125656564
All-On-Board,580.3355383429738,149292.12533290667,39,3828.0032136642735,141896346105.7374,0.0,100.0,1133.451781455958,1836.6455099593884,0,221,39,0,0,221,15.0,0.0,0.0,85.0,707.8746670933351,707.8746670933351,0.0,0.00040461555517350254,,,,,0,4.0x constrained,4.0,4.0,0.17982511363802173
Fixed-Threshold,1837.8826647121002,149990.86798335874,254,590.5152282809399,141896346105.7374,57960332634.62833,59.15304782306527,30.049815860020864,736.9298172144859,0,0,38,152,70,0,14.615384615384615,58.46153846153846,26.923076923076923,0.0,9.132016640029576,9.132016640029576,0.0,0.0011123061995021999,,,,,0,4.0x constrained,4.0,4.0,0.5694937449098322
Deadline-Energy,3227.2218635221216,149940.44760746643,254,590.316722864041,141896346105.7374,106252083162.00635,25.119930091201848,23.047337169273064,736.8176803410713,0,0,41,24,195,0,15.76923076923077,9.23076923076923,75.0,0.0,59.552392533354435,59.552392533354435,0.0,0.010628846603839729,,,,,0,4.0x constrained,4.0,4.0,1.0
Priority-Aware,2779.5781991727285,149352.45343386618,254,588.0017851727015,141896346105.7374,94231282157.63597,33.59146676869514,31.610940868205944,736.8176803410713,0,0,39,51,170,0,15.0,19.615384615384617,65.38461538461539,0.0,647.5465661333451,647.5465661333451,0.0,0.0015749997916058279,,,,,0,4.0x constrained,4.0,4.0,0.8612913263233647
Heuristic-TVD,3029.7909913133703,149827.85228853335,255,587.560205053072,141896346105.7374,97486317735.20575,31.297513705841638,23.053106371620682,729.9139444542953,0,0,49,14,197,0,18.846153846153847,5.384615384615385,75.76923076923077,0.0,172.14771146663338,172.14771146663338,0.0,0.015055384518256268,,,,,0,4.0x constrained,4.0,4.0,0.9388232725985317
All-Downlink,2566.3119925629917,0.0,257,0.0,138183152908.2682,131685291155.26335,4.702354531828057,39.57007844914237,111.89255143557872,0,0,0,0,260,0,0.0,0.0,100.0,0.0,150000.0,150000.0,0.0,0.0003030767682223366,,,,,1,4.0x constrained,4.0,4.0,0.8102178911569637
All-On-Board,618.658418169853,149038.64706687996,39,3821.50377094564,138183152908.2682,0.0,100.0,1237.9251245717069,1867.0398395807347,0,221,39,0,0,221,15.0,0.0,0.0,85.0,961.3529331199998,961.3529331199998,0.0,0.00036307688927851047,,,,,1,4.0x constrained,4.0,4.0,0.1953184649289199
Fixed-Threshold,2522.8127280067365,149997.2810041597,257,583.6470077982868,138183152908.2682,86679421629.81477,37.272077090789615,30.02775118146443,114.0521055238665,0,0,38,60,162,0,14.615384615384615,23.076923076923077,62.30769230769231,0.0,2.7189958400267358,2.7189958400267358,0.0,0.001162307475729344,,,,,1,4.0x constrained,4.0,4.0,0.7964846106759534
Deadline-Energy,3167.4343662028805,149992.4871247465,257,583.628354570998,138183152908.2682,101251325870.90717,26.726721933952348,19.761387284635568,111.89255143557872,0,0,38,19,203,0,14.615384615384615,7.3076923076923075,78.07692307692308,0.0,7.512875253339132,7.512875253339132,0.0,0.010685768435136057,,,,,1,4.0x constrained,4.0,4.0,1.0
Priority-Aware,2946.894547955255,149982.54189706664,257,583.5896571870297,138183152908.2682,102290270031.786,25.974861711477526,29.488675726419174,111.89255143557872,0,0,39,14,207,0,15.0,5.384615384615385,79.61538461538461,0.0,17.45810293333099,17.45810293333099,0.0,0.0013961540669417726,,,,,1,4.0x constrained,4.0,4.0,0.9303727267087751
Heuristic-TVD,3015.80964974546,149564.47767221334,257,581.9629481409079,138183152908.2682,103313572464.73965,25.234321051189525,19.680874613365845,111.89255143557872,0,0,46,6,208,0,17.692307692307693,2.3076923076923075,80.0,0.0,435.5223277866735,435.5223277866735,0.0,0.014004616129498642,,,,,1,4.0x constrained,4.0,4.0,0.9521301157570036
All-Downlink,2556.686277673104,0.0,253,0.0,143551818802.25815,133655118349.42921,6.894165838791344,37.746426882901076,754.0107986472566,0,0,0,0,260,0,0.0,0.0,100.0,0.0,150000.0,150000.0,0.0,0.00028576939187657373,,,,,2,4.0x constrained,4.0,4.0,0.8347021300564783
All-On-Board,617.6676911404697,148566.12788437333,40,3714.153197109333,143551818802.25815,0.0,100.0,1242.744293681246,1882.8226498263575,0,220,40,0,0,220,15.384615384615385,0.0,0.0,84.61538461538461,1433.8721156267084,1433.8721156267084,0.0,0.00034346169111533806,,,,,2,4.0x constrained,4.0,4.0,0.20165498675545254
Fixed-Threshold,2373.2732883497797,149993.81205717294,253,592.8609172220274,143551818802.25815,84615951130.01659,41.05546565970397,29.601315896272414,754.0107986472566,0,0,39,72,149,0,15.0,27.692307692307693,57.30769230769231,0.0,6.1879428266901755,6.1879428266901755,0.0,0.0010588471643411769,,,,,2,4.0x constrained,4.0,4.0,0.7748218020689787
Deadline-Energy,3062.9923964613718,149956.14582981291,253,592.7120388530154,143551818802.25815,103291555162.98987,28.04580532325165,28.56329773177737,753.8664932918881,0,0,37,35,188,0,14.23076923076923,13.461538461538462,72.3076923076923,0.0,43.854170186684655,43.854170186684655,0.0,0.009757691945056789,,,,,2,4.0x constrained,4.0,4.0,1.0
Priority-Aware,2844.746298910917,149649.4195480529,253,591.4996820081142,143551818802.25815,87959213180.34184,38.72650732380814,31.570816479926393,753.8664932918881,0,0,39,50,171,0,15.0,19.23076923076923,65.76923076923077,0.0,350.5804519466478,350.5804519466478,0.0,0.0016403844571099258,,,,,2,4.0x constrained,4.0,4.0,0.9287474243153229
Heuristic-TVD,2941.840860611708,149381.85336287998,253,590.4421081536758,143551818802.25815,106677348696.34995,25.687219022074935,28.255182109945295,754.0107986472566,0,0,43,6,211,0,16.53846153846154,2.3076923076923075,81.15384615384616,0.0,618.1466371199926,618.1466371199926,0.0,0.01406692328880756,,,,,2,4.0x constrained,4.0,4.0,0.9604466743078997
All-Downlink,2523.31517969433,0.0,255,0.0,145714942829.99643,141823142641.82233,2.670831221966452,40.634583839711894,79.65998313243796,0,0,0,0,260,0,0.0,0.0,100.0,0.0,150000.0,150000.0,0.0,0.0003142305873692609,,,,,3,4.0x constrained,4.0,4.0,0.82749331374612
All-On-Board,514.0799619275851,149416.26843903997,36,4150.451901084443,145714942829.99643,0.0,100.0,1223.5530378130024,1854.8809162884274,0,224,36,0,0,224,13.846153846153847,0.0,0.0,86.15384615384616,583.7315609599818,583.7315609599818,0.0,0.00036115413352560537,,,,,3,4.0x constrained,4.0,4.0,0.16858683950748818
Fixed-Threshold,2593.305747716377,149991.33791167982,255,588.2013251438424,145714942829.99643,108580961677.16647,25.483989789676997,31.512651239580613,79.65047961672413,0,0,31,36,193,0,11.923076923076923,13.846153846153847,74.23076923076923,0.0,8.662088319972241,8.662088319972241,0.0,0.001104615512304008,,,,,3,4.0x constrained,4.0,4.0,0.8504459466671304
Deadline-Energy,3049.348118924497,149829.8959566396,255,587.5682194378024,145714942829.99643,113580272014.68591,22.053106010412115,29.121305829347573,79.65047961672413,0,0,36,37,187,0,13.846153846153847,14.23076923076923,71.92307692307692,0.0,170.10404335996978,170.10404335996978,0.0,0.009213461957048051,,,,,3,4.0x constrained,4.0,4.0,1.0
Priority-Aware,2820.8495316676294,149217.9419101328,255,585.1683996475796,145714942829.99643,102808661040.47961,29.44535471531905,30.356389135143157,79.65047961672413,0,0,36,57,167,0,13.846153846153847,21.923076923076923,64.23076923076923,0.0,782.0580898666406,782.0580898666406,0.0,0.00158615405850399,,,,,3,4.0x constrained,4.0,4.0,0.925066414739994
Heuristic-TVD,3019.506469097068,148653.20467903998,255,582.9537438393725,145714942829.99643,116038674580.47606,20.3659746029913,26.925892277979315,79.12592316894633,0,0,42,4,214,0,16.153846153846153,1.5384615384615385,82.3076923076923,0.0,1346.7953209600482,1346.7953209600482,0.0,0.01430692298946759,,,,,3,4.0x constrained,4.0,4.0,0.9902137608880306
All-Downlink,2449.820990927939,0.0,259,0.0,143751290598.0329,136549823818.19585,5.009671043562514,36.22262312100996,726.9090733329451,0,0,0,0,260,0,0.0,0.0,100.0,0.0,150000.0,150000.0,0.0,0.00028307728755932587,,,,,4,4.0x constrained,4.0,4.0,0.7964374448377479
All-On-Board,562.6401618661297,149956.84858112,37,4052.8877994897293,143751290598.0329,0.0,100.0,1152.9063405974516,1798.9129001775214,0,223,37,0,0,223,14.23076923076923,0.0,0.0,85.76923076923077,43.15141888003291,43.15141888003291,0.0,0.00033923077773159515,,,,,4,4.0x constrained,4.0,4.0,0.18291446376660517
Fixed-Threshold,2371.692804043755,149995.83575317293,259,579.1345009775016,143751290598.0329,92647199793.01056,35.55035269069206,29.402289933828193,726.9090733329451,0,0,37,60,163,0,14.23076923076923,23.076923076923077,62.69230769230769,0.0,4.164246826645893,4.164246826645893,0.0,0.0010676908109766932,,,,,4,4.0x constrained,4.0,4.0,0.7710379508493009
Deadline-Energy,3075.974148135416,149502.04458373287,259,577.227971365764,143751290598.0329,101387516701.57404,29.470186820735623,21.85439317136467,726.8310659363178,0,0,41,39,180,0,15.76923076923077,15.0,69.23076923076923,0.0,497.9554162666964,497.9554162666964,0.0,0.009441153983621357,,,,,4,4.0x constrained,4.0,4.0,1.0
Priority-Aware,2877.225857366954,149989.6372207466,259,579.110568419871,143751290598.0329,107454450647.48654,25.24974892367543,29.28942990091588,726.9090733329451,0,0,41,15,204,0,15.76923076923077,5.769230769230769,78.46153846153847,0.0,10.362779253318536,10.362779253318536,0.0,0.0014096169392220103,,,,,4,4.0x constrained,4.0,4.0,0.9353868786937178
Heuristic-TVD,2974.3223536972905,148788.32168138665,259,574.4722844841183,143751290598.0329,100745623404.79997,29.916717279073534,19.69141636505774,726.9090733329451,0,0,51,10,199,0,19.615384615384617,3.8461538461538463,76.53846153846153,0.0,1211.6783186133157,1211.6783186133157,0.0,0.01376115340882769,,,,,4,4.0x constrained,4.0,4.0,0.9669529750437779
All-Downlink,2624.3317650948316,0.0,259,0.0,145966253614.7567,142154292336.35153,2.611536011923654,32.73609921005294,77.76358537846562,0,0,0,0,260,0,0.0,0.0,100.0,0.0,150000.0,150000.0,0.0,0.00027576886798040225,,,,,5,4.0x constrained,4.0,4.0,0.8121048205851018
All-On-Board,570.4966053782173,148797.77890176,40,3719.944472544,145966253614.7567,0.0,100.0,1254.8455553134863,1867.4947826728135,0,220,40,0,0,220,15.384615384615385,0.0,0.0,84.61538461538461,1202.2210982400218,1202.2210982400218,0.0,0.00033423029190789047,,,,,5,4.0x constrained,4.0,4.0,0.176541338834248
Fixed-Threshold,2353.1383914711805,149985.7456475728,259,579.0955430408216,145966253614.7567,87085152842.50638,40.3388449823841,26.8970557791324,77.03007526323344,0,0,41,84,135,0,15.76923076923077,32.30769230769231,51.92307692307692,0.0,14.25435242674024,14.25435242674024,0.0,0.0010573071239587779,,,,,5,4.0x constrained,4.0,4.0,0.728183477651334
Deadline-Energy,3231.518516543301,149470.34771301312,259,577.1055896255333,145966253614.7567,117138102489.89507,19.749873968093144,21.78288153927727,75.64213874690826,0,0,39,21,200,0,15.0,8.076923076923077,76.92307692307692,0.0,529.6522869866649,529.6522869866649,0.0,0.009341154341550114,,,,,5,4.0x constrained,4.0,4.0,1.0
Priority-Aware,2790.4266597121596,149983.71023253282,259,579.0876842954935,145966253614.7567,105480133925.39478,27.73662999957198,27.20494933723597,75.64213874690826,0,0,38,52,170,0,14.615384615384615,20.0,65.38461538461539,0.0,16.289767466673936,16.289767466673936,0.0,0.0013084623228328733,,,,,5,4.0x constrained,4.0,4.0,0.8635032246997707
Heuristic-TVD,3097.4487125127603,149866.78355914666,259,578.6362299580952,145966253614.7567,110170394325.23135,24.523380167035068,20.19926047409548,71.88916446915006,0,0,50,10,200,0,19.23076923076923,3.8461538461538463,76.92307692307692,0.0,133.21644085338357,133.21644085338357,0.0,0.012873077559141586,,,,,5,4.0x constrained,4.0,4.0,0.9585118255259287
All-Downlink,2656.6870243738504,0.0,257,0.0,136511684238.74997,125544697380.47523,8.033734928575198,35.892371621477345,112.48918967135168,0,0,0,0,260,0,0.0,0.0,100.0,0.0,150000.0,150000.0,0.0,0.00036423085615611996,,,,,6,4.0x constrained,4.0,4.0,0.8021460374612049
All-On-Board,595.157492392802,149683.39299626666,37,4045.497108007207,136511684238.74997,0.0,100.0,1184.9460539986685,1861.6486786846222,0,223,37,0,0,223,14.23076923076923,0.0,0.0,85.76923076923077,316.6070037333202,316.6070037333202,0.0,0.00032884653102463257,,,,,6,4.0x constrained,4.0,4.0,0.17969870737813073
Fixed-Threshold,2344.2103134678023,149990.18800677275,257,583.6194085866643,136511684238.74997,75975778882.46153,44.344852745655906,26.660021275439675,112.35174409505873,0,0,40,89,131,0,15.384615384615385,34.23076923076923,50.38461538461539,0.0,9.81199322668175,9.81199322668175,0.0,0.0010096161321808512,,,,,6,4.0x constrained,4.0,4.0,0.7077984710551574
Deadline-Energy,3311.9742544415903,149983.25748351993,257,583.5924415701164,136511684238.74997,96979870920.23349,28.958556579946617,23.73149532666072,112.48918967135168,0,0,43,8,209,0,16.53846153846154,3.076923076923077,80.38461538461539,0.0,16.742516479949387,16.742516479949387,0.0,0.008685769101318259,,,,,6,4.0x constrained,4.0,4.0,1.0
Priority-Aware,2791.1361356007083,149986.09398479958,257,583.6034785400761,136511684238.74997,88292972341.0016,35.32204013644503,29.794223506799714,112.48918967135168,0,0,35,49,176,0,13.461538461538462,18.846153846153847,67.6923076923077,0.0,13.906015200001491,13.906015200001491,0.0,0.0014003852042011344,,,,,6,4.0x constrained,4.0,4.0,0.8427408914358554
Heuristic-TVD,3070.814963922514,149671.10047504006,257,582.377822860078,136511684238.74997,92064594807.99045,32.559183251321166,22.28104674508507,112.48918967135168,0,0,49,13,198,0,18.846153846153847,5.0,76.15384615384616,0.0,328.8995249599916,328.8995249599916,0.0,0.014362692309077829,,,,,6,4.0x constrained,4.0,4.0,0.927185638536995
All-Downlink,2565.0205224621127,0.0,254,0.0,139247165035.33093,133818130750.98091,3.8988472641238503,34.17696786011753,78.97394509599184,0,0,0,0,260,0,0.0,0.0,100.0,0.0,150000.0,150000.0,0.0,0.00027076871797012596,,,,,7,4.0x constrained,4.0,4.0,0.8285189045450203
All-On-Board,644.6434444123786,149714.34449152,41,3651.569377841951,139247165035.33093,0.0,100.0,1237.4720120411948,1854.1319431143625,0,219,41,0,0,219,15.76923076923077,0.0,0.0,84.23076923076923,285.6555084800282,285.6555084800282,0.0,0.0003376916328516717,,,,,7,4.0x constrained,4.0,4.0,0.20822417431342857
Fixed-Threshold,2123.0763655419696,149996.46621674573,254,590.5372685698651,139247165035.33093,69855823517.9219,49.83321671202605,25.0144400365305,78.86012318811835,0,0,39,124,97,0,15.0,47.69230769230769,37.30769230769231,0.0,3.533783253324117,3.533783253324117,0.0,0.0011138453443821233,,,,,7,4.0x constrained,4.0,4.0,0.6857679653010409
Deadline-Energy,3095.910676740308,148836.5022854396,254,585.9704814387386,139247165035.33093,104826697988.29454,24.718971505310684,21.217972932321544,78.97394509599184,0,0,35,36,189,0,13.461538461538462,13.846153846153847,72.6923076923077,0.0,1163.497714559991,1163.497714559991,0.0,0.009104614414704533,,,,,7,4.0x constrained,4.0,4.0,1.0
Priority-Aware,2761.549609160513,149993.31499653286,254,590.5248621910742,139247165035.33093,94470364394.93427,32.15634632779456,25.844378332663048,78.97394509599184,0,0,38,55,167,0,14.615384615384615,21.153846153846153,64.23076923076923,0.0,6.685003466663545,6.685003466663545,0.0,0.0014688458087710808,,,,,7,4.0x constrained,4.0,4.0,0.8919991232008525
Heuristic-TVD,2991.4220691530277,149645.40944944,254,589.1551553127558,139247165035.33093,111050685512.46921,20.24923057909831,20.489365896232965,78.65523991704464,0,0,44,7,209,0,16.923076923076923,2.6923076923076925,80.38461538461539,0.0,354.5905505600417,354.5905505600417,0.0,0.012847692190776937,,,,,7,4.0x constrained,4.0,4.0,0.9662494760031977
All-Downlink,2533.5936614346742,0.0,256,0.0,147675122448.8456,136992547483.91032,7.233835183468839,31.06743035179552,79.44232709372092,0,0,0,0,260,0,0.0,0.0,100.0,0.0,150000.0,150000.0,0.0,0.0002699999290948304,,,,,8,4.0x constrained,4.0,4.0,0.8446509489093562
All-On-Board,494.8136298061024,149861.08167381329,38,3943.7126756266653,147675122448.8456,0.0,100.0,1230.7280221474061,1881.2703544937385,0,222,38,0,0,222,14.615384615384615,0.0,0.0,85.38461538461539,138.9183261866906,138.9183261866906,0.0,0.00032961520796211867,,,,,8,4.0x constrained,4.0,4.0,0.16496125969637201
Fixed-Threshold,2068.5191645709438,149994.92618250582,256,585.9176804004134,147675122448.8456,76267904185.83827,48.354263791277816,23.428283607308064,79.4157147396965,0,0,34,118,108,0,13.076923076923077,45.38461538461539,41.53846153846154,0.0,5.073817493498581,5.073817493498581,0.0,0.0009800016414374113,,,,,8,4.0x constrained,4.0,4.0,0.6896041388904798
Deadline-Energy,2999.574752986594,149156.9015198396,256,582.6441465618734,147675122448.8456,111131007570.6533,24.74629055469456,22.568257022916434,79.33171732849058,0,0,34,39,187,0,13.076923076923077,15.0,71.92307692307692,0.0,843.0984801599989,843.0984801599989,0.0,0.009592691472230049,,,,,8,4.0x constrained,4.0,4.0,1.0
Priority-Aware,2709.7704874215246,149662.57080943944,256,584.6194172243728,147675122448.8456,99244649590.57394,32.79528200496187,23.10451475706136,79.33171732849058,0,0,34,59,167,0,13.076923076923077,22.692307692307693,64.23076923076923,0.0,337.42919055999755,337.42919055999755,0.0,0.0014003852042011344,,,,,8,4.0x constrained,4.0,4.0,0.9033848830483324
Heuristic-TVD,2897.406235467151,149825.3379642133,257,582.9779687323474,147675122448.8456,109269150974.18565,26.007069327444587,22.355012719728776,78.96304636764486,0,0,43,11,206,0,16.53846153846154,4.230769230769231,79.23076923076923,0.0,174.66203578666955,174.66203578666955,0.0,0.013612308136474054,,,,,8,4.0x constrained,4.0,4.0,0.96593899938059
All-Downlink,2555.748586379738,0.0,256,0.0,145047080871.27374,138274748222.04004,4.669058217892719,37.4960716972247,80.08159020947357,0,0,0,0,260,0,0.0,0.0,100.0,0.0,150000.0,150000.0,0.0,0.0002619236161430868,,,,,9,4.0x constrained,4.0,4.0,0.7717679426545219
All-On-Board,706.7352512206525,148930.73767082664,42,3545.9699445434912,145047080871.27374,0.0,100.0,1145.5749353633669,1781.2408627006562,0,218,42,0,0,218,16.153846153846153,0.0,0.0,83.84615384615384,1069.262329173299,1069.262329173299,0.0,0.000347691597058796,,,,,9,4.0x constrained,4.0,4.0,0.21341520591765586
Fixed-Threshold,2769.96794799719,149991.94292746662,256,585.9060270604165,145047080871.27374,101571356560.65434,29.97352587137082,26.221181256302224,80.08159020947357,0,0,43,30,187,0,16.53846153846154,11.538461538461538,71.92307692307692,0.0,8.057072533330285,8.057072533330285,0.0,0.001033461348225291,,,,,9,4.0x constrained,4.0,4.0,0.8364564792630682
Deadline-Energy,3311.5505906984868,148704.56682895974,256,580.877214175624,145047080871.27374,105250998384.41954,27.436665562523377,21.049411778304087,80.06785752733217,0,0,43,29,188,0,16.53846153846154,11.153846153846153,72.3076923076923,0.0,1295.433171040053,1295.433171040053,0.0,0.009106922124584135,,,,,9,4.0x constrained,4.0,4.0,1.0
Priority-Aware,2942.6815869302914,149986.61936927965,256,585.8852319112486,145047080871.27374,101393510438.85287,30.096138557357456,26.832586895140913,80.08159020947357,0,0,41,34,185,0,15.76923076923077,13.076923076923077,71.15384615384616,0.0,13.38063072001836,13.38063072001836,0.0,0.0014280777227563353,,,,,9,4.0x constrained,4.0,4.0,0.888611394068906
Heuristic-TVD,3104.5914395570626,149124.92823504,256,582.519250918125,145047080871.27374,103641301620.93347,28.54644092223203,21.754321600664603,79.80025844459772,0,0,48,9,203,0,18.46153846153846,3.4615384615384617,78.07692307692308,0.0,875.0717649599792,875.0717649599792,0.0,0.013078846341858689,,,,,9,4.0x constrained,4.0,4.0,0.9375038534145506
