policy,total_value,energy_j,useful_tasks,j_per_task,raw_bits,transmitted_bits,bw_saving,median_latency_min,p95_latency_min,oom_count,energy_violation_count,on_count,pre_count,down_count,drop_count,on_pct,pre_pct,down_pct,drop_pct,residual_energy_j,min_energy_j,energy_overrun_j,mean_decision_ms,lambda_energy_final,lambda_bandwidth_final,lambda_energy_mean,lambda_bandwidth_mean,seed,profile_label,profile_source,memory_gb,quant_used,normalized_value
Deadline-Energy,3747.037656026518,58049.70900277334,260,223.26811154912824,141896346105.7374,105779966974.30736,25.452649150329123,15.415767963420148,71.4423141796664,0,0,65,0,195,0,25.0,0.0,75.0,0.0,91950.2909972267,91950.2909972267,0.0,0.00950000013779992,,,,,0,RTX4090 measured,measured,16,INT4,0.9651114118825784
Priority-Aware,3617.477246642703,71807.82541055996,259,277.2502911604632,141896346105.7374,89315751073.92041,37.05563707231426,20.631380747971463,110.33912208829416,0,0,78,12,170,0,30.0,4.615384615384616,65.38461538461539,0.0,78192.17458944001,78192.17458944001,0.0,0.0013723070598923815,,,,,0,RTX4090 measured,measured,16,INT4,0.9317409894040664
Energy-WSRPT,3416.5729517209375,149979.35837264013,254,590.4699148529139,141896346105.7374,37373304106.81187,73.66154581671731,1.0218073941260324,736.9298172144859,0,0,156,17,87,0,60.0,6.538461538461539,33.46153846153846,0.0,20.641627360083703,20.641627360083703,0.0,0.012042691434124628,,,,,0,RTX4090 measured,measured,16,INT4,0.8799947713180619
Heuristic-TVD,3882.4923318618953,149952.72988789337,255,588.0499211289936,141896346105.7374,42621549426.45103,69.96289855505471,1.0218073941260324,76.23202046570702,0,0,168,0,92,0,64.61538461538461,0.0,35.38461538461539,0.0,47.27011210666029,47.27011210666029,0.0,0.013119230257311406,,,,,0,RTX4090 measured,measured,16,INT4,1.0
Deadline-Energy,3857.038359997837,69168.98741205335,260,266.03456696943596,138183152908.2682,97623791629.69403,29.35188583046674,10.28411112853179,72.25500075728323,0,0,72,0,188,0,27.692307692307693,0.0,72.3076923076923,0.0,80831.01258794659,80831.01258794659,0.0,0.009288076678505884,,,,,1,RTX4090 measured,measured,16,INT4,0.9762447363577478
Priority-Aware,3730.4177721467545,81370.69273706671,260,312.96420283487197,138183152908.2682,83081342987.12921,39.87592464163695,12.934506397489773,79.30292719235098,0,0,87,10,163,0,33.46153846153846,3.8461538461538463,62.69230769230769,0.0,68629.3072629333,68629.3072629333,0.0,0.0013592303730547428,,,,,1,RTX4090 measured,measured,16,INT4,0.9441961356266385
Energy-WSRPT,3545.68728302179,149958.24434954658,257,583.4951142005704,138183152908.2682,35534348773.2781,74.28460125174065,0.7956735252066817,111.78914483510077,0,0,161,22,77,0,61.92307692307693,8.461538461538462,29.615384615384617,0.0,41.75565045332473,41.75565045332473,0.0,0.01239692310963829,,,,,1,RTX4090 measured,measured,16,INT4,0.897439492103617
Heuristic-TVD,3950.892861546158,149571.7581421866,258,579.7354966751418,138183152908.2682,39288217251.275154,71.56801214591164,0.9832486245364028,79.30292719235098,0,0,169,0,91,0,65.0,0.0,35.0,0.0,428.24185781330334,428.24185781330334,0.0,0.01412346229279557,,,,,1,RTX4090 measured,measured,16,INT4,1.0
Deadline-Energy,3772.396708012707,71163.84858981332,260,273.70710996082045,143551818802.25815,100349432288.78314,30.09532507072311,12.860969370166428,71.43436513271442,0,0,71,1,188,0,27.307692307692307,0.38461538461538464,72.3076923076923,0.0,78836.15141018668,78836.15141018668,0.0,0.009269614775593463,,,,,2,RTX4090 measured,measured,16,INT4,0.9842870551834726
Priority-Aware,3584.112271606004,70468.98847098667,260,271.03457104225646,143551818802.25815,81765352376.60277,43.0412285550808,21.402373422387853,78.4072189003879,0,0,74,15,171,0,28.46153846153846,5.769230769230769,65.76923076923077,0.0,79531.01152901343,79531.01152901343,0.0,0.0013584621438684945,,,,,2,RTX4090 measured,measured,16,INT4,0.9351602141346522
Energy-WSRPT,3321.5130395923347,149908.74235413317,253,592.5246733364947,143551818802.25815,37769024481.34253,73.68962316432288,0.721079132218559,754.0107986472566,0,0,156,26,78,0,60.0,10.0,30.0,0.0,91.25764586669428,91.25764586669428,0.0,0.012559615312896382,,,,,2,RTX4090 measured,measured,16,INT4,0.866643288482806
Heuristic-TVD,3832.618429904604,149875.4171290666,254,590.0606973585299,143551818802.25815,42153956555.43225,70.63502440641376,0.7668729075820011,111.32618025258745,0,0,167,0,93,0,64.23076923076924,0.0,35.76923076923077,0.0,124.58287093335002,124.58287093335002,0.0,0.014780769617153475,,,,,2,RTX4090 measured,measured,16,INT4,1.0
Deadline-Energy,3844.9481927810575,71697.5270752,260,275.75971952000003,145714942829.99643,109056964346.36604,25.157322764350077,15.42668608128982,77.05464053457004,0,0,73,0,187,0,28.076923076923077,0.0,71.92307692307692,0.0,78302.47292479995,78302.47292479995,0.0,0.009443846311814223,,,,,3,RTX4090 measured,measured,16,INT4,0.9646914194077069
Priority-Aware,3776.5955203922576,77461.86944597335,260,297.9302670998975,145714942829.99643,96411603040.62616,33.83547276060204,16.769847643845956,78.1803292091174,0,0,81,12,167,0,31.153846153846153,4.615384615384616,64.23076923076924,0.0,72538.1305540266,72538.1305540266,0.0,0.00134077115664975,,,,,3,RTX4090 measured,measured,16,INT4,0.9475418420295608
Energy-WSRPT,3623.277603213673,149949.53697776,255,588.0373999127843,145714942829.99643,39833274930.7004,72.66356204993106,0.9823328932730268,77.65385075632592,0,0,159,19,82,0,61.15384615384616,7.307692307692308,31.538461538461537,0.0,50.463022240007376,50.463022240007376,0.0,0.011884230256188087,,,,,3,RTX4090 measured,measured,16,INT4,0.909074619136588
Heuristic-TVD,3985.6767826770415,149921.3306329599,257,583.3514810621008,145714942829.99643,48351527943.053314,66.81772850196677,1.0025280093312177,67.95993451600984,0,0,165,0,95,0,63.46153846153846,0.0,36.53846153846153,0.0,78.66936704002819,78.66936704002819,0.0,0.013681537194105867,,,,,3,RTX4090 measured,measured,16,INT4,1.0
Deadline-Energy,3856.879439805607,72710.54138586667,260,279.6559284071795,143751290598.0329,96634432667.29465,32.77665037630138,11.325929860212394,73.14807775617477,0,0,79,1,180,0,30.384615384615383,0.38461538461538464,69.23076923076923,0.0,77289.45861413333,77289.45861413333,0.0,0.009394615391591707,,,,,4,RTX4090 measured,measured,16,INT4,0.976602024845582
Priority-Aware,3747.2334643115846,79116.98688778667,260,304.29610341456413,143751290598.0329,78843845988.82722,45.15259956218708,14.598307059213402,722.8285196627825,0,0,88,14,158,0,33.84615384615385,5.384615384615385,60.76923076923077,0.0,70883.01311221336,70883.01311221336,0.0,0.0013946148101240396,,,,,4,RTX4090 measured,measured,16,INT4,0.9488385224196342
Energy-WSRPT,3385.3319243306705,149904.75896778662,259,578.7828531574773,143751290598.0329,45158969510.27501,68.5853467315632,1.1445659766542424,726.9090733329451,0,0,153,12,95,0,58.84615384615385,4.615384615384616,36.53846153846153,0.0,95.24103221335204,95.24103221335204,0.0,0.01186922969421945,,,,,4,RTX4090 measured,measured,16,INT4,0.8572012850477788
Heuristic-TVD,3949.284705215973,149888.1055233066,259,578.718554144041,143751290598.0329,39489818184.92574,72.52906876825902,1.0777419947470057,722.8285196627825,0,0,167,0,93,0,64.23076923076924,0.0,35.76923076923077,0.0,111.89447669336346,111.89447669336346,0.0,0.012800384138245136,,,,,4,RTX4090 measured,measured,16,INT4,1.0
Deadline-Energy,3736.392823105972,55724.94501317332,260,214.32671158912814,145966253614.7567,115042162606.88376,21.185781125471483,16.026909080403055,71.36271956499577,0,0,59,1,200,0,22.692307692307693,0.38461538461538464,76.92307692307693,0.0,94275.05498682667,94275.05498682667,0.0,0.009570382826495916,,,,,5,RTX4090 measured,measured,16,INT4,0.948997807285672
Priority-Aware,3721.6376738607496,81787.42338042668,260,314.5670130016411,145966253614.7567,97435093163.56842,33.24820583480533,16.058096002124003,74.03864247899895,0,0,85,9,166,0,32.69230769230769,3.4615384615384617,63.84615384615384,0.0,68212.57661957334,68212.57661957334,0.0,0.0013338457882547607,,,,,5,RTX4090 measured,measured,16,INT4,0.9452501809137079
Energy-WSRPT,3471.765746386301,149994.31164517338,259,579.1286163906308,145966253614.7567,45220625639.267715,69.01980799026546,0.9832486245364028,70.00163995268541,0,0,157,15,88,0,60.38461538461538,5.769230769230769,33.84615384615385,0.0,5.6883548266966955,5.6883548266966955,0.0,0.010761539138352068,,,,,5,RTX4090 measured,measured,16,INT4,0.881785785572541
Heuristic-TVD,3937.198584043962,149787.40836597333,259,578.3297620307851,145966253614.7567,52641966177.041336,63.935522853126514,0.9832486245364028,61.70983823207116,0,0,166,0,94,0,63.84615384615384,0.0,36.15384615384615,0.0,212.5916340266608,212.5916340266608,0.0,0.013670383263021134,,,,,5,RTX4090 measured,measured,16,INT4,1.0
Deadline-Energy,3774.4549894033107,59623.26823472,260,229.32026244123077,136511684238.74997,94917012113.92496,30.46967910239732,14.60893868356937,73.92129724806482,0,0,66,1,193,0,25.384615384615383,0.38461538461538464,74.23076923076923,0.0,90376.73176528004,90376.73176528004,0.0,0.009746153843410026,,,,,6,RTX4090 measured,measured,16,INT4,0.954223681049816
Priority-Aware,3607.574591128856,72969.55644367999,260,280.65214016799996,136511684238.74997,79932607445.38664,41.446325352202265,21.359685439153196,77.95723821033201,0,0,77,17,166,0,29.615384615384617,6.538461538461539,63.84615384615384,0.0,77030.44355632007,77030.44355632007,0.0,0.0013873087412391144,,,,,6,RTX4090 measured,measured,16,INT4,0.9120344833024391
Energy-WSRPT,3450.5182428618828,149852.43026117323,257,583.083386230246,136511684238.74997,40142368011.44429,70.59418888918114,1.1121057625823823,110.72537450054526,0,0,152,23,85,0,58.46153846153847,8.846153846153847,32.69230769230769,0.0,147.56973882662228,147.56973882662228,0.0,0.012128461094107479,,,,,6,RTX4090 measured,measured,16,INT4,0.8723289133072211
Heuristic-TVD,3955.5243328804604,149715.49098826657,257,582.550548592477,136511684238.74997,41220788579.558304,69.80420481263285,1.1445659766542198,75.21373487501121,0,0,166,0,94,0,63.84615384615384,0.0,36.15384615384615,0.0,284.50901173332545,284.50901173332545,0.0,0.014180384795718756,,,,,6,RTX4090 measured,measured,16,INT4,1.0
Deadline-Energy,3883.0840761585364,71262.57109365333,260,274.08681189866667,139247165035.33093,99881808965.40207,28.270131072284855,11.838968943251544,68.4461327724551,0,0,71,0,189,0,27.307692307692307,0.0,72.6923076923077,0.0,78737.42890634667,78737.42890634667,0.0,0.009308077838236036,,,,,7,RTX4090 measured,measured,16,INT4,0.9456882004482678
Priority-Aware,3909.780591382479,101200.58414975999,260,389.2330159606154,139247165035.33093,77464709916.8403,44.36891415549802,9.247300119530852,72.90775365767003,0,0,101,16,143,0,38.84615384615385,6.153846153846154,55.00000000000001,0.0,48799.41585024003,48799.41585024003,0.0,0.001508846001413006,,,,,7,RTX4090 measured,measured,16,INT4,0.9521898828597767
Energy-WSRPT,3507.6946827679367,149740.9884856531,254,589.5314507309178,139247165035.33093,44480995043.98906,68.05608571441797,1.000107804039059,66.51159414699696,0,0,155,26,79,0,59.61538461538461,10.0,30.384615384615383,0.0,259.0115143466953,259.0115143466953,0.0,0.012217307028969606,,,,,7,RTX4090 measured,measured,16,INT4,0.8542656834642628
Heuristic-TVD,4106.0933977159775,149688.3898704532,258,580.1875576374155,139247165035.33093,47359515028.27628,65.98888385536623,1.0218073941260437,59.41933453479224,0,0,169,1,90,0,65.0,0.38461538461538464,34.61538461538461,0.0,311.6101295466981,311.6101295466981,0.0,0.014055385411036415,,,,,7,RTX4090 measured,measured,16,INT4,1.0
Deadline-Energy,3807.586330320566,73051.95887727995,260,280.96907260492287,147675122448.8456,107986139264.03853,26.87587626585871,10.647973555536677,74.23923498141562,0,0,72,1,187,0,27.692307692307693,0.38461538461538464,71.92307692307692,0.0,76948.04112272005,76948.04112272005,0.0,0.010293461561489563,,,,,8,RTX4090 measured,measured,16,INT4,0.9920789887534683
Priority-Aware,3757.5334994027057,87253.41095210667,259,336.88575657184043,147675122448.8456,91277240214.14523,38.19050988377308,11.816140087959745,78.44504524348606,0,0,85,8,167,0,32.69230769230769,3.076923076923077,64.23076923076924,0.0,62746.589047893365,62746.589047893365,0.0,0.0013661536146313525,,,,,8,RTX4090 measured,measured,16,INT4,0.9790375610422131
Energy-WSRPT,3335.145916001523,149805.56215354672,256,585.1779771622919,147675122448.8456,43717117103.24272,70.39642400270483,1.079645548510545,78.66929020213107,0,0,150,27,83,0,57.692307692307686,10.384615384615385,31.92307692307692,0.0,194.43784645337144,194.43784645337144,0.0,0.012576539190306973,,,,,8,RTX4090 measured,measured,16,INT4,0.868983103900755
Heuristic-TVD,3837.9870690586226,149719.9602573866,257,582.567938744695,147675122448.8456,61385932170.2414,58.43177161305191,1.1445659766542424,75.53968085804092,0,0,155,0,105,0,59.61538461538461,0.0,40.38461538461539,0.0,280.0397426132629,280.0397426132629,0.0,0.012897691899874749,,,,,8,RTX4090 measured,measured,16,INT4,1.0
Deadline-Energy,3987.9015633096137,64223.37783562667,260,247.0129916754872,145047080871.27374,102072848551.6437,29.62778158753072,10.752650312716167,66.8191582745461,0,0,72,0,188,0,27.692307692307693,0.0,72.3076923076923,0.0,85776.62216437332,85776.62216437332,0.0,0.009914231374680709,,,,,9,RTX4090 measured,measured,16,INT4,0.9916659151008066
Priority-Aware,3933.4652272263816,80627.39004437336,260,310.10534632451294,145047080871.27374,88415641780.66504,39.04348763893285,11.438537449130916,76.80100423138477,0,0,88,6,166,0,33.84615384615385,2.307692307692308,63.84615384615384,0.0,69372.60995562666,69372.60995562666,0.0,0.0013153852285960545,,,,,9,RTX4090 measured,measured,16,INT4,0.9781293073937917
Energy-WSRPT,3445.5022080778594,149772.53937029318,256,585.0489819152077,145047080871.27374,39449361301.11854,72.80237488120906,0.9832486245364028,79.09861167966864,0,0,157,29,74,0,60.38461538461538,11.153846153846155,28.46153846153846,0.0,227.46062970671636,227.46062970671636,0.0,0.011854229132250812,,,,,9,RTX4090 measured,measured,16,INT4,0.8567882245618275
Heuristic-TVD,4021.416388909796,149539.87916986653,257,581.8672341239943,145047080871.27374,40555041023.97266,72.04008465364124,0.9832486245364028,70.43976702267629,0,0,172,1,87,0,66.15384615384615,0.38461538461538464,33.46153846153846,0.0,460.12083013330334,460.12083013330334,0.0,0.013023077246124068,,,,,9,RTX4090 measured,measured,16,INT4,1.0
Deadline-Energy,3756.0911035557356,26122.36905124799,260,100.47065019710766,141896346105.7374,105779966974.30736,25.452649150329123,15.415767963420148,71.4423141796664,0,0,65,0,195,0,25.0,0.0,75.0,0.0,123877.63094875196,123877.63094875196,0.0,0.009741539319153301,,,,,0,Edge-NPU synthetic,scaled,12,INT4,0.8697048442382471
Priority-Aware,3633.601455142378,32431.40601475199,259,125.21778384074126,141896346105.7374,89315751073.92041,37.05563707231426,20.631380747971463,110.33912208829416,0,0,78,12,170,0,30.0,4.615384615384616,65.38461538461539,0.0,117568.59398524796,117568.59398524796,0.0,0.0014065393210890202,,,,,0,Edge-NPU synthetic,scaled,12,INT4,0.8413429548013032
Energy-WSRPT,4080.230416291701,96976.97001036804,260,372.9883461937232,141896346105.7374,4060444611.0222363,97.13844315061044,0.4899157817301481,1.05781900357971,0,0,236,22,2,0,90.76923076923077,8.461538461538462,0.7692307692307693,0.0,53023.02998963187,53023.02998963187,0.0,0.012349614049666204,,,,,0,Edge-NPU synthetic,scaled,12,INT4,0.9447577443736185
Heuristic-TVD,4318.81129378508,109279.75493443204,260,420.30674974781556,141896346105.7374,0.0,100.0,0.5202034286900016,1.11475317999187,0,0,260,0,0,0,100.0,0.0,0.0,0.0,40720.24506556788,40720.24506556788,0.0,0.013552691626290862,,,,,0,Edge-NPU synthetic,scaled,12,INT4,1.0
Deadline-Energy,3866.805579100712,31126.04433542399,260,119.71555513624612,138183152908.2682,97623791629.69403,29.35188583046674,10.28411112853179,72.25500075728323,0,0,72,0,188,0,27.692307692307693,0.0,72.3076923076923,0.0,118873.95566457586,118873.95566457586,0.0,0.009225769183383538,,,,,1,Edge-NPU synthetic,scaled,12,INT4,0.888310452278841
Priority-Aware,3744.4269180149804,36715.04888167998,260,141.2117264679999,138183152908.2682,83081342987.12921,39.87592464163695,12.934506397489773,79.30292719235098,0,0,87,10,163,0,33.46153846153846,3.8461538461538463,62.69230769230769,0.0,113284.95111831995,113284.95111831995,0.0,0.001496924065017643,,,,,1,Edge-NPU synthetic,scaled,12,INT4,0.8601967440629685
Energy-WSRPT,4059.8499192666113,99472.88668683213,260,382.58802571858513,138183152908.2682,4552396811.278288,96.70553412954736,0.48432733015961277,1.0577572241356998,0,0,231,28,1,0,88.84615384615384,10.76923076923077,0.38461538461538464,0.0,50527.113313167785,50527.113313167785,0.0,0.012182307322151385,,,,,1,Edge-NPU synthetic,scaled,12,INT4,0.9326579897008083
Heuristic-TVD,4352.98894567878,110601.35886249616,260,425.3898417788314,138183152908.2682,0.0,100.0,0.5066378099740481,1.0579246685375558,0,0,260,0,0,0,100.0,0.0,0.0,0.0,39398.64113750383,39398.64113750383,0.0,0.014528846636844369,,,,,1,Edge-NPU synthetic,scaled,12,INT4,1.0
Deadline-Energy,3783.232310190965,32033.555580415992,260,123.20598300159998,143551818802.25815,100349432288.78314,30.09532507072311,12.860969370166428,71.43436513271442,0,0,71,1,188,0,27.307692307692307,0.38461538461538464,72.3076923076923,0.0,117966.44441958393,117966.44441958393,0.0,0.010079998397626556,,,,,2,Edge-NPU synthetic,scaled,12,INT4,0.8812465668255511
Priority-Aware,3597.372790500238,31858.400536943984,260,122.53230975747687,143551818802.25815,81765352376.60277,43.0412285550808,21.402373422387853,78.4072189003879,0,0,74,15,171,0,28.46153846153846,5.769230769230769,65.76923076923077,0.0,118141.59946305597,118141.59946305597,0.0,0.0015703847076600562,,,,,2,Edge-NPU synthetic,scaled,12,INT4,0.8379534116053179
Energy-WSRPT,4057.613444374115,99679.65550313602,260,383.383290396677,143551818802.25815,3982598197.03848,97.22567207419051,0.4468466733276235,1.0178418571871604,0,0,233,25,2,0,89.61538461538461,9.615384615384617,0.7692307692307693,0.0,50320.34449686397,50320.34449686397,0.0,0.012424999239066472,,,,,2,Edge-NPU synthetic,scaled,12,INT4,0.9451594890770522
Heuristic-TVD,4293.046296701071,109964.86172884799,260,422.9417758801846,143551818802.25815,0.0,100.0,0.4886997607088536,1.0382058329824209,0,0,260,0,0,0,100.0,0.0,0.0,0.0,40035.13827115201,40035.13827115201,0.0,0.013792306820575435,,,,,2,Edge-NPU synthetic,scaled,12,INT4,1.0
Deadline-Energy,3858.1612808637174,32263.88718383999,260,124.09187378399996,145714942829.99643,109056964346.36604,25.157322764350077,15.42668608128982,77.05464053457004,0,0,73,0,187,0,28.076923076923077,0.0,71.92307692307692,0.0,117736.11281615993,117736.11281615993,0.0,0.009698461844191816,,,,,3,Edge-NPU synthetic,scaled,12,INT4,0.8804090391954831
Priority-Aware,3791.5397542266123,34975.72583068798,260,134.522022425723,145714942829.99643,96411603040.62616,33.83547276060204,16.769847643845956,78.1803292091174,0,0,81,12,167,0,31.153846153846153,4.615384615384616,64.23076923076924,0.0,115024.27416931193,115024.27416931193,0.0,0.0013453860167199029,,,,,3,Edge-NPU synthetic,scaled,12,INT4,0.8652064102781198
Energy-WSRPT,4131.262685285419,99137.48779145598,260,381.29802996713835,145714942829.99643,4277843464.838718,97.06423831231254,0.49307219125803387,1.0648822036473506,0,0,234,25,1,0,90.0,9.615384615384617,0.38461538461538464,0.0,50862.51220854386,50862.51220854386,0.0,0.012147693241086718,,,,,3,Edge-NPU synthetic,scaled,12,INT4,0.94272912577725
Heuristic-TVD,4382.237243258317,109299.11150159998,260,420.38119808307687,145714942829.99643,0.0,100.0,0.5202034286900016,1.1176302745584203,0,0,260,0,0,0,100.0,0.0,0.0,0.0,40700.888498399916,40700.888498399916,0.0,0.013487306960786764,,,,,3,Edge-NPU synthetic,scaled,12,INT4,1.0
Deadline-Energy,3869.2673832056926,32729.56733863999,260,125.8829513024615,143751290598.0329,96634432667.29465,32.77665037630138,11.325929860212394,73.14807775617477,0,0,79,1,180,0,30.384615384615383,0.38461538461538464,69.23076923076923,0.0,117270.43266135997,117270.43266135997,0.0,0.009765383639695266,,,,,4,Edge-NPU synthetic,scaled,12,INT4,0.880054691011507
Priority-Aware,3764.297038649579,35740.176109504,260,137.4622158057846,143751290598.0329,78843845988.82722,45.15259956218708,14.598307059213402,722.8285196627825,0,0,88,14,158,0,33.84615384615385,5.384615384615385,60.76923076923077,0.0,114259.823890496,114259.823890496,0.0,0.001332692493004008,,,,,4,Edge-NPU synthetic,scaled,12,INT4,0.8561794621904982
Energy-WSRPT,4228.308837253322,107359.849503184,260,412.9224980891692,143751290598.0329,1685459198.1959853,98.82751717136998,0.520203428689941,1.1176302745584812,0,0,245,14,1,0,94.23076923076923,5.384615384615385,0.38461538461538464,0.0,42640.15049681586,42640.15049681586,0.0,0.01223423023475334,,,,,4,Edge-NPU synthetic,scaled,12,INT4,0.9617177255367722
Heuristic-TVD,4396.621508554746,113016.376824048,260,434.6783724001846,143751290598.0329,0.0,100.0,0.5286415291022422,1.1176302745584812,0,0,260,0,0,0,100.0,0.0,0.0,0.0,36983.6231759519,36983.6231759519,0.0,0.014766152777995627,,,,,4,Edge-NPU synthetic,scaled,12,INT4,1.0
Deadline-Energy,3747.7409160449365,25086.048970928,260,96.48480373433847,145966253614.7567,115042162606.88376,21.185781125471483,16.026909080403055,71.36271956499577,0,0,59,1,200,0,22.692307692307693,0.38461538461538464,76.92307692307693,0.0,124913.95102907199,124913.95102907199,0.0,0.009636154796820708,,,,,5,Edge-NPU synthetic,scaled,12,INT4,0.8734578594970278
Priority-Aware,3738.31207541624,36892.753956191984,260,141.89520752381532,145966253614.7567,97435093163.56842,33.24820583480533,16.058096002124003,74.03864247899895,0,0,85,9,166,0,32.69230769230769,3.4615384615384617,63.84615384615384,0.0,113107.24604380802,113107.24604380802,0.0,0.001384229779852411,,,,,5,Edge-NPU synthetic,scaled,12,INT4,0.8712603503474969
Energy-WSRPT,4047.3220150322018,101100.85874577599,260,388.849456714523,145966253614.7567,3591803348.15753,97.53929195330502,0.520203428689941,1.0577572241356392,0,0,237,21,2,0,91.15384615384615,8.076923076923077,0.7692307692307693,0.0,48899.14125422393,48899.14125422393,0.0,0.012501922006217333,,,,,5,Edge-NPU synthetic,scaled,12,INT4,0.9432789787603442
Heuristic-TVD,4290.694594245264,112497.40417756798,260,432.68232375987685,145966253614.7567,0.0,100.0,0.5370796295145132,1.0577572241357605,0,0,260,0,0,0,100.0,0.0,0.0,0.0,37502.59582243196,37502.59582243196,0.0,0.013761924212583555,,,,,5,Edge-NPU synthetic,scaled,12,INT4,1.0
Deadline-Energy,3784.231266764121,26840.29442062399,260,103.23190161778459,136511684238.74997,94917012113.92496,30.46967910239732,14.60893868356937,73.92129724806482,0,0,66,1,193,0,25.384615384615383,0.38461538461538464,74.23076923076923,0.0,123159.70557937601,123159.70557937601,0.0,0.01025307719828561,,,,,6,Edge-NPU synthetic,scaled,12,INT4,0.8705145009514467
Priority-Aware,3621.7979585090247,33003.30355465599,260,126.93578290252304,136511684238.74997,79932607445.38664,41.446325352202265,21.359685439153196,77.95723821033201,0,0,77,17,166,0,29.615384615384617,6.538461538461539,63.84615384615384,0.0,116996.69644534409,116996.69644534409,0.0,0.0015961537988354953,,,,,6,Edge-NPU synthetic,scaled,12,INT4,0.8331487745183239
Energy-WSRPT,4104.074962947108,101994.83155798397,260,392.2878136845537,136511684238.74997,4805621101.369085,96.4796997940745,0.529274767612757,1.0577572241357605,0,0,232,25,3,0,89.23076923076924,9.615384615384617,1.153846153846154,0.0,48005.16844201591,48005.16844201591,0.0,0.01372922930526189,,,,,6,Edge-NPU synthetic,scaled,12,INT4,0.9440904945780948
Heuristic-TVD,4347.12030945845,115076.24091772799,260,442.6009266066461,136511684238.74997,0.0,100.0,0.5740175764854939,1.0605066842443123,0,0,260,0,0,0,100.0,0.0,0.0,0.0,34923.759082271914,34923.759082271914,0.0,0.013080384815111756,,,,,6,Edge-NPU synthetic,scaled,12,INT4,1.0
Deadline-Energy,3894.9068349441454,32068.156992143973,260,123.33906535439989,139247165035.33093,99881808965.40207,28.270131072284855,11.838968943251544,68.4461327724551,0,0,71,0,189,0,27.307692307692307,0.0,72.6923076923077,0.0,117931.84300785595,117931.84300785595,0.0,0.01008923069233648,,,,,7,Edge-NPU synthetic,scaled,12,INT4,0.8729982533716402
Priority-Aware,3928.7209640180404,45697.44230739198,260,175.75939348996917,139247165035.33093,77464709916.8403,44.36891415549802,9.247300119530852,72.90775365767003,0,0,101,16,143,0,38.84615384615385,6.153846153846154,55.00000000000001,0.0,104302.5576926081,104302.5576926081,0.0,0.001351924192232008,,,,,7,Edge-NPU synthetic,scaled,12,INT4,0.8805772987433934
Energy-WSRPT,4191.743088267912,102912.67965657599,260,395.8179986791384,139247165035.33093,4348011859.833343,96.87748626068607,0.5069421761805339,1.1128143667384875,0,0,234,24,2,0,90.0,9.230769230769232,0.7692307692307693,0.0,47087.32034342377,47087.32034342377,0.0,0.012654998303892521,,,,,7,Edge-NPU synthetic,scaled,12,INT4,0.93953066137794
Heuristic-TVD,4461.5287830204425,112611.312370032,260,433.12043219243077,139247165035.33093,0.0,100.0,0.5532640359403558,1.1128143667384875,0,0,260,0,0,0,100.0,0.0,0.0,0.0,37388.6876299678,37388.6876299678,0.0,0.013701153511647135,,,,,7,Edge-NPU synthetic,scaled,12,INT4,1.0
Deadline-Energy,3819.551872057515,32883.20520977599,260,126.4738661914461,147675122448.8456,107986139264.03853,26.87587626585871,10.647973555536677,74.23923498141562,0,0,72,1,187,0,27.692307692307693,0.38461538461538464,71.92307692307692,0.0,117116.79479022398,117116.79479022398,0.0,0.009686538452604929,,,,,8,Edge-NPU synthetic,scaled,12,INT4,0.8862677411645677
Priority-Aware,3773.1672459843426,39342.62464844797,259,151.9020256696833,147675122448.8456,91277240214.14523,38.19050988377308,11.816140087959745,78.44504524348606,0,0,85,8,167,0,32.69230769230769,3.076923076923077,64.23076923076924,0.0,110657.37535155195,110657.37535155195,0.0,0.0015357695072172927,,,,,8,Edge-NPU synthetic,scaled,12,INT4,0.8755049084680481
Energy-WSRPT,4071.9770254657724,104646.761290896,260,402.4875434265231,147675122448.8456,2780585739.176208,98.1170926469762,0.5066378099740177,1.057757224135703,0,0,236,24,0,0,90.76923076923077,9.230769230769232,0.0,0.0,45353.2387091039,45353.2387091039,0.0,0.01257653795899107,,,,,8,Edge-NPU synthetic,scaled,12,INT4,0.9448390809494479
Heuristic-TVD,4309.704274058957,115601.51555332806,260,444.6212136666464,147675122448.8456,0.0,100.0,0.543180357642632,1.1176302745584203,0,0,260,0,0,0,100.0,0.0,0.0,0.0,34398.48444667186,34398.48444667186,0.0,0.013956537832900021,,,,,8,Edge-NPU synthetic,scaled,12,INT4,1.0
Deadline-Energy,3999.359482947332,28900.520026031998,260,111.15584625396923,145047080871.27374,102072848551.6437,29.62778158753072,10.752650312716167,66.8191582745461,0,0,72,0,188,0,27.692307692307693,0.0,72.3076923076923,0.0,121099.47997396796,121099.47997396796,0.0,0.009868459556645785,,,,,9,Edge-NPU synthetic,scaled,12,INT4,0.896559317570777
Priority-Aware,3949.694490926463,36341.26780996798,260,139.77410696141533,145047080871.27374,88415641780.66504,39.04348763893285,11.438537449130916,76.80100423138477,0,0,88,6,166,0,33.84615384615385,2.307692307692308,63.84615384615384,0.0,113658.73219003191,113658.73219003191,0.0,0.0013926917185577063,,,,,9,Edge-NPU synthetic,scaled,12,INT4,0.8854256319035477
Energy-WSRPT,4221.417563413598,96531.84221995204,260,371.27631623058477,145047080871.27374,5580278337.053916,96.15278135655394,0.4930721912581551,1.1176302745584203,0,0,232,24,4,0,89.23076923076924,9.230769230769232,1.5384615384615385,0.0,53468.157780047746,53468.157780047746,0.0,0.012631539609104108,,,,,9,Edge-NPU synthetic,scaled,12,INT4,0.9463393490815214
Heuristic-TVD,4460.78625760488,106781.314365792,260,410.69736294535386,145047080871.27374,0.0,100.0,0.5370796295144828,1.1200431243049378,0,0,260,0,0,0,100.0,0.0,0.0,0.0,43218.685634207824,43218.685634207824,0.0,0.013972307743433002,,,,,9,Edge-NPU synthetic,scaled,12,INT4,1.0
Deadline-Energy,3664.0987861657272,20317.398150970654,260,78.14383904219483,141896346105.7374,105779966974.30736,25.452649150329123,15.415767963420148,71.4423141796664,0,0,65,0,195,0,25.0,0.0,75.0,0.0,129682.60184902923,129682.60184902923,0.0,0.009420768205577938,,,,,0,FPGA-low-power synthetic,scaled,8,INT4,0.8937846331559758
Priority-Aware,3478.6753752835134,25272.057033696,259,97.57550978261004,141896346105.7374,89315751073.92041,37.05563707231426,20.631380747971463,110.33912208829416,0,0,78,12,170,0,30.0,4.615384615384616,65.38461538461539,0.0,124727.94296630393,124727.94296630393,0.0,0.001357692347552914,,,,,0,FPGA-low-power synthetic,scaled,8,INT4,0.8485542491118505
Energy-WSRPT,3842.8148234018163,72259.86060292268,260,277.9225407804718,141896346105.7374,8628942571.423908,93.9188408946106,1.9488738428071732,4.623820016268958,0,0,225,27,8,0,86.53846153846155,10.384615384615385,3.076923076923077,0.0,77740.13939707741,77740.13939707741,0.0,0.013233077166100534,,,,,0,FPGA-low-power synthetic,scaled,8,INT4,0.9373788856862958
Heuristic-TVD,4099.5320911120425,84995.36494900264,260,326.90524980385635,141896346105.7374,0.0,100.0,2.096967779974936,5.029172882109524,0,0,260,0,0,0,100.0,0.0,0.0,0.0,65004.63505099753,65004.63505099753,0.0,0.0134461548161478,,,,,0,FPGA-low-power synthetic,scaled,8,INT4,1.0
Deadline-Energy,3766.6440193226986,24209.145594218662,260,93.11209843930254,138183152908.2682,97623791629.69403,29.35188583046674,10.28411112853179,72.25500075728323,0,0,72,0,188,0,27.692307692307693,0.0,72.3076923076923,0.0,125790.85440578125,125790.85440578125,0.0,0.009349616056379791,,,,,1,FPGA-low-power synthetic,scaled,8,INT4,0.9056421304617076
Priority-Aware,3600.7195927233065,28595.840907973336,260,109.98400349220513,138183152908.2682,83081342987.12921,39.87592464163695,12.934506397489773,79.30292719235098,0,0,87,10,163,0,33.46153846153846,3.8461538461538463,62.69230769230769,0.0,121404.15909202666,121404.15909202666,0.0,0.001359229701427886,,,,,1,FPGA-low-power synthetic,scaled,8,INT4,0.8657476911597076
Energy-WSRPT,3888.9650753017363,71889.40222270406,260,276.49770085655405,138183152908.2682,11394342138.91635,91.75417415285033,1.7257526694033003,4.184897924643367,0,0,219,30,11,0,84.23076923076923,11.538461538461538,4.230769230769231,0.0,78110.59777729615,78110.59777729615,0.0,0.013614229884786675,,,,,1,FPGA-low-power synthetic,scaled,8,INT4,0.9350526882868937
Heuristic-TVD,4159.086567011206,86023.2791152746,260,330.85876582797925,138183152908.2682,0.0,100.0,2.019035614703898,5.043469373846925,0,0,260,0,0,0,100.0,0.0,0.0,0.0,63976.72088472545,63976.72088472545,0.0,0.013490768749481784,,,,,1,FPGA-low-power synthetic,scaled,8,INT4,1.0
Deadline-Energy,3674.934415064909,24918.95685143466,260,95.84214173628716,143551818802.25815,100349432288.78314,30.09532507072311,12.860969370166428,71.43436513271442,0,0,71,1,188,0,27.307692307692307,0.38461538461538464,72.3076923076923,0.0,125081.04314856525,125081.04314856525,0.0,0.009749615408229427,,,,,2,FPGA-low-power synthetic,scaled,8,INT4,0.8963073382618065
Priority-Aware,3470.3457375525195,24838.29363984534,260,95.53189861478977,143551818802.25815,81765352376.60277,43.0412285550808,21.402373422387853,78.4072189003879,0,0,74,15,171,0,28.46153846153846,5.769230769230769,65.76923076923077,0.0,125161.7063601547,125161.7063601547,0.0,0.0013453841137771423,,,,,2,FPGA-low-power synthetic,scaled,8,INT4,0.8464086700766237
Energy-WSRPT,3801.399180896806,75836.7890940854,260,291.6799580541746,143551818802.25815,8067045360.991011,94.38039487879752,1.8207120004148236,4.929966723906328,0,0,225,30,5,0,86.53846153846155,11.538461538461538,1.9230769230769231,0.0,74163.21090591469,74163.21090591469,0.0,0.013347307238011407,,,,,2,FPGA-low-power synthetic,scaled,8,INT4,0.927151779235235
Heuristic-TVD,4100.082927125919,85528.22578910406,260,328.9547145734772,143551818802.25815,0.0,100.0,2.0090615176991076,5.559906974420304,0,0,260,0,0,0,100.0,0.0,0.0,0.0,64471.774210896096,64471.774210896096,0.0,0.01332307706784027,,,,,2,FPGA-low-power synthetic,scaled,8,INT4,1.0
Deadline-Energy,3726.6597054740405,25094.13447632,260,96.515901832,145714942829.99643,109056964346.36604,25.157322764350077,15.42668608128982,77.05464053457004,0,0,73,0,187,0,28.076923076923077,0.0,71.92307692307692,0.0,124905.86552367991,124905.86552367991,0.0,0.009523846809035884,,,,,3,FPGA-low-power synthetic,scaled,8,INT4,0.8945439828450463
Priority-Aware,3643.1513201279035,27250.972446090665,260,104.8114324849641,145714942829.99643,96411603040.62616,33.83547276060204,16.769847643845956,78.1803292091174,0,0,81,12,167,0,31.153846153846153,4.615384615384616,64.23076923076924,0.0,122749.0275539093,122749.0275539093,0.0,0.0013138459717783218,,,,,3,FPGA-low-power synthetic,scaled,8,INT4,0.8744987065031352
Energy-WSRPT,3909.025741421372,75572.26343114661,260,290.6625516582562,145714942829.99643,6903139282.364692,95.262572836872,2.0090615176991076,5.487659129481788,0,0,228,27,5,0,87.6923076923077,10.384615384615385,1.9230769230769231,0.0,74427.73656885345,74427.73656885345,0.0,0.011923076817765832,,,,,3,FPGA-low-power synthetic,scaled,8,INT4,0.9383189591039096
Heuristic-TVD,4165.988231927525,85010.42005679994,260,326.96315406461514,145714942829.99643,0.0,100.0,2.2191753088308057,5.800145530004643,0,0,260,0,0,0,100.0,0.0,0.0,0.0,64989.5799432002,64989.5799432002,0.0,0.013559230361492015,,,,,3,FPGA-low-power synthetic,scaled,8,INT4,1.0
Deadline-Energy,3748.7250238694837,25460.299330053327,260,97.9242281925128,143751290598.0329,96634432667.29465,32.77665037630138,11.325929860212394,73.14807775617477,0,0,79,1,180,0,30.384615384615383,0.38461538461538464,69.23076923076923,0.0,124539.70066994657,124539.70066994657,0.0,0.009550768747710837,,,,,4,FPGA-low-power synthetic,scaled,8,INT4,0.9053577140823668
Priority-Aware,3591.9704889049544,27853.483240725327,260,107.12878169509742,143751290598.0329,78843845988.82722,45.15259956218708,14.598307059213402,722.8285196627825,0,0,88,14,158,0,33.84615384615385,5.384615384615385,60.76923076923077,0.0,122146.51675927457,122146.51675927457,0.0,0.0013949996523129253,,,,,4,FPGA-low-power synthetic,scaled,8,INT4,0.8674997953116163
Energy-WSRPT,3983.2053115945814,79407.59032869863,260,305.41380895653316,143751290598.0329,6212927082.287721,95.67800257205292,2.1234537203953554,5.499918070706452,0,0,233,15,12,0,89.61538461538461,5.769230769230769,4.615384615384616,0.0,70592.40967130137,70592.40967130137,0.0,0.012450383599990835,,,,,4,FPGA-low-power synthetic,scaled,8,INT4,0.9619872443734531
Heuristic-TVD,4140.600964193514,87901.62641870396,260,338.08317853347677,143751290598.0329,0.0,100.0,2.7386879345831403,5.579136958100783,0,0,260,0,0,0,100.0,0.0,0.0,0.0,62098.37358129609,62098.37358129609,0.0,0.01325115366713502,,,,,4,FPGA-low-power synthetic,scaled,8,INT4,1.0
Deadline-Energy,3639.972003802031,19515.340599610663,260,75.05900230619486,145966253614.7567,115042162606.88376,21.185781125471483,16.026909080403055,71.36271956499577,0,0,59,1,200,0,22.692307692307693,0.38461538461538464,76.92307692307693,0.0,130484.65940038921,130484.65940038921,0.0,0.009349616056379791,,,,,5,FPGA-low-power synthetic,scaled,8,INT4,0.8982714264725812
Priority-Aware,3577.3774603642155,28730.086788149347,260,110.50033380057441,145966253614.7567,97435093163.56842,33.24820583480533,16.058096002124003,74.03864247899895,0,0,85,9,166,0,32.69230769230769,3.4615384615384617,63.84615384615384,0.0,121269.91321185064,121269.91321185064,0.0,0.0013415386022713322,,,,,5,FPGA-low-power synthetic,scaled,8,INT4,0.8828243599114768
Energy-WSRPT,3824.356843732423,74500.89199327464,260,286.54189228182554,145966253614.7567,11526076945.018665,92.1036015794178,2.13322767651786,5.12917844946122,0,0,225,24,11,0,86.53846153846155,9.230769230769232,4.230769230769231,0.0,75499.10800672534,75499.10800672534,0.0,0.012447307660924988,,,,,5,FPGA-low-power synthetic,scaled,8,INT4,0.9437738734725004
Heuristic-TVD,4052.1961364126028,87497.98102699725,260,336.5306962576817,145966253614.7567,0.0,100.0,2.6842163590878654,5.240876371190013,0,0,260,0,0,0,100.0,0.0,0.0,0.0,62502.018973002705,62502.018973002705,0.0,0.013818845036439598,,,,,5,FPGA-low-power synthetic,scaled,8,INT4,1.0
Deadline-Energy,3687.7795281168565,20879.75372715199,260,80.30674510443073,136511684238.74997,94917012113.92496,30.46967910239732,14.60893868356937,73.92129724806482,0,0,66,1,193,0,25.384615384615383,0.38461538461538464,74.23076923076923,0.0,129120.2462728479,129120.2462728479,0.0,0.009974616449863579,,,,,6,FPGA-low-power synthetic,scaled,8,INT4,0.8931555474746808
Priority-Aware,3479.819948456375,25736.71212028799,260,98.98735430879996,136511684238.74997,79932607445.38664,41.446325352202265,21.359685439153196,77.95723821033201,0,0,77,17,166,0,29.615384615384617,6.538461538461539,63.84615384615384,0.0,124263.28787971206,124263.28787971206,0.0,0.0013573077292396473,,,,,6,FPGA-low-power synthetic,scaled,8,INT4,0.8427891275712902
Energy-WSRPT,3893.3932457945143,75941.46399483734,260,292.08255382629744,136511684238.74997,9942166083.164705,92.71698526129344,2.224047599831844,5.144967076793684,0,0,220,29,11,0,84.61538461538461,11.153846153846155,4.230769230769231,0.0,74058.53600516269,74058.53600516269,0.0,0.012554231999764362,,,,,6,FPGA-low-power synthetic,scaled,8,INT4,0.9429538152888282
Heuristic-TVD,4128.9331276547855,89503.74293601065,260,344.2451651385025,136511684238.74997,0.0,100.0,2.851437161797791,5.277657908400913,0,0,260,0,0,0,100.0,0.0,0.0,0.0,60496.25706398937,60496.25706398937,0.0,0.01494846085104375,,,,,6,FPGA-low-power synthetic,scaled,8,INT4,1.0
Deadline-Energy,3778.9917569918284,24941.89988277865,260,95.93038416453327,139247165035.33093,99881808965.40207,28.270131072284855,11.838968943251544,68.4461327724551,0,0,71,0,189,0,27.307692307692307,0.0,72.6923076923077,0.0,125058.10011722121,125058.10011722121,0.0,0.009240769409538748,,,,,7,FPGA-low-power synthetic,scaled,8,INT4,0.9016957285450018
Priority-Aware,3731.9868547019028,35605.96197241598,260,136.9460075862153,139247165035.33093,77464709916.8403,44.36891415549802,9.247300119530852,72.90775365767003,0,0,101,16,143,0,38.84615384615385,6.153846153846154,55.00000000000001,0.0,114394.03802758406,114394.03802758406,0.0,0.0013846159652950098,,,,,7,FPGA-low-power synthetic,scaled,8,INT4,0.8904800069078528
Energy-WSRPT,3900.034962545894,76599.96960364262,260,294.61526770631775,139247165035.33093,9222327118.91928,93.37700906400549,2.04789896659554,5.95061179392416,0,0,223,29,8,0,85.76923076923076,11.153846153846155,3.076923076923077,0.0,73400.03039635732,73400.03039635732,0.0,0.012262692437686313,,,,,7,FPGA-low-power synthetic,scaled,8,INT4,0.9305775437052384
Heuristic-TVD,4190.983318829403,87586.57628780269,260,336.8714472607796,139247165035.33093,0.0,100.0,2.513258466787556,6.141645406333816,0,0,260,0,0,0,100.0,0.0,0.0,0.0,62413.423712197306,62413.423712197306,0.0,0.01343846144244218,,,,,7,FPGA-low-power synthetic,scaled,8,INT4,1.0
Deadline-Energy,3694.6473931308506,25579.79545204798,260,98.383828661723,147675122448.8456,107986139264.03853,26.87587626585871,10.647973555536677,74.23923498141562,0,0,72,1,187,0,27.692307692307693,0.38461538461538464,71.92307692307692,0.0,124420.20454795189,124420.20454795189,0.0,0.009761923082316151,,,,,8,FPGA-low-power synthetic,scaled,8,INT4,0.9088699342782979
Priority-Aware,3610.734894373265,30631.572593237324,259,118.26862005110937,147675122448.8456,91277240214.14523,38.19050988377308,11.816140087959745,78.44504524348606,0,0,85,8,167,0,32.69230769230769,3.076923076923077,64.23076923076924,0.0,119368.42740676265,119368.42740676265,0.0,0.0013738467644613523,,,,,8,FPGA-low-power synthetic,scaled,8,INT4,0.8882277622072287
Energy-WSRPT,3818.9102610214663,76156.58101324266,260,292.9099269740102,147675122448.8456,9500471744.883406,93.56664034717537,2.0090615176991076,6.095608269086097,0,0,222,29,9,0,85.38461538461539,11.153846153846155,3.4615384615384617,0.0,73843.41898675737,73843.41898675737,0.0,0.012391923407379251,,,,,8,FPGA-low-power synthetic,scaled,8,INT4,0.9394381516359148
Heuristic-TVD,4065.1002456854753,89912.28987481061,260,345.8164995185023,147675122448.8456,0.0,100.0,2.7629429979189775,6.443817280173464,0,0,260,0,0,0,100.0,0.0,0.0,0.0,60087.7101251895,60087.7101251895,0.0,0.014068846156498274,,,,,8,FPGA-low-power synthetic,scaled,8,INT4,1.0
Deadline-Energy,3883.676876072528,22478.182242469324,260,86.45454708642048,145047080871.27374,102072848551.6437,29.62778158753072,10.752650312716167,66.8191582745461,0,0,72,0,188,0,27.692307692307693,0.0,72.3076923076923,0.0,127521.81775753055,127521.81775753055,0.0,0.009419231635267632,,,,,9,FPGA-low-power synthetic,scaled,8,INT4,0.916005422527446
Priority-Aware,3789.4027941904014,28289.24558553067,260,108.8047907135795,145047080871.27374,88415641780.66504,39.04348763893285,11.438537449130916,76.80100423138477,0,0,88,6,166,0,33.84615384615385,2.307692307692308,63.84615384615384,0.0,121710.75441446924,121710.75441446924,0.0,0.0016403831138562125,,,,,9,FPGA-low-power synthetic,scaled,8,INT4,0.8937699037231231
Energy-WSRPT,3996.9835301756407,71158.11818858667,260,273.68506995610255,145047080871.27374,11569766185.736256,92.02344086055466,1.8626022448308506,5.734526883417884,0,0,219,29,12,0,84.23076923076923,11.153846153846155,4.615384615384616,0.0,78841.88181141339,78841.88181141339,0.0,0.013248845397566374,,,,,9,FPGA-low-power synthetic,scaled,8,INT4,0.9427299706499593
Heuristic-TVD,4239.796818403837,83052.13339561594,260,319.4312822908305,145047080871.27374,0.0,100.0,2.5631174750986547,6.102801449511222,0,0,260,0,0,0,100.0,0.0,0.0,0.0,66947.86660438412,66947.86660438412,0.0,0.014633846764739316,,,,,9,FPGA-low-power synthetic,scaled,8,INT4,1.0
Deadline-Energy,3502.5079289424225,149528.19795273597,259,577.3289496244632,141896346105.7374,105779966974.30736,25.452649150329123,16.04559071385335,73.16139224318398,0,0,62,3,195,0,23.846153846153847,1.153846153846154,75.0,0.0,471.8020472639421,471.8020472639421,0.0,0.009443845416311748,,,,,0,Orin AGX literature,literature-derived,16,INT4,1.0
Priority-Aware,3109.3560452568977,149982.683274688,254,590.4830050184567,141896346105.7374,93270571352.72821,34.26851789176766,25.161879146449124,736.9298172144859,0,0,60,14,186,0,23.076923076923077,5.384615384615385,71.53846153846153,0.0,17.31672531199206,17.31672531199206,0.0,0.0013515389022918849,,,,,0,Orin AGX literature,literature-derived,16,INT4,0.8877513222920136
Energy-WSRPT,2725.735698074895,149645.8044028159,254,589.1567102473067,141896346105.7374,89150551422.65675,37.172059838507664,22.26969284268277,736.9298172144859,0,0,60,19,181,0,23.076923076923077,7.307692307692308,69.61538461538461,0.0,354.1955971840355,354.1955971840355,0.0,0.011979616381442891,,,,,0,Orin AGX literature,literature-derived,16,INT4,0.7782239907442343
Heuristic-TVD,3192.1831240274273,149759.22299798403,254,589.6032401495435,141896346105.7374,90402741651.90083,36.289591569514336,18.398798533857914,729.9139444542953,0,0,71,3,186,0,27.307692307692307,1.153846153846154,71.53846153846153,0.0,240.77700201598486,240.77700201598486,0.0,0.0132957687198471,,,,,0,Orin AGX literature,literature-derived,16,INT4,0.9113992569864938
Deadline-Energy,3428.393549910972,149983.6456525759,258,581.3319598937051,138183152908.2682,98054740865.7375,29.040017685201914,14.614500022575642,79.4957022038327,0,0,57,10,193,0,21.923076923076923,3.8461538461538463,74.23076923076923,0.0,16.354347423947985,16.354347423947985,0.0,0.009173075578963527,,,,,1,Orin AGX literature,literature-derived,16,INT4,1.0
Priority-Aware,3003.4939563951493,149568.5788379518,257,581.9789059842482,138183152908.2682,87084717872.54013,36.97877343242367,20.223611030753396,111.89255143557872,0,0,58,39,163,0,22.30769230769231,15.0,62.69230769230769,0.0,431.4211620479109,431.4211620479109,0.0,0.0014430780608493548,,,,,1,Orin AGX literature,literature-derived,16,INT4,0.8760645219604801
Energy-WSRPT,2750.612358650746,149594.8190956799,257,582.0810081543965,138183152908.2682,89226568103.09047,35.42876521110875,17.435767235068216,111.89255143557872,0,0,59,21,180,0,22.692307692307693,8.076923076923077,69.23076923076923,0.0,405.18090431994324,405.18090431994324,0.0,0.01228692216010621,,,,,1,Orin AGX literature,literature-derived,16,INT4,0.8023035624723345
Heuristic-TVD,3174.142261238228,149742.98904595207,258,580.3991823486514,138183152908.2682,92901872936.97205,32.76903082487615,13.61902882650379,79.45245474689665,0,0,67,3,190,0,25.769230769230766,1.153846153846154,73.07692307692307,0.0,257.0109540479672,257.0109540479672,0.0,0.014214615265910443,,,,,1,Orin AGX literature,literature-derived,16,INT4,0.9258395265971299
Deadline-Energy,3336.866639589458,149765.14808278385,253,591.9571070465765,143551818802.25815,100349432288.78314,30.09532507072311,21.432776717232688,738.0032198858066,0,0,56,16,188,0,21.53846153846154,6.153846153846154,72.3076923076923,0.0,234.85191721597226,234.85191721597226,0.0,0.011162307726828238,,,,,2,Orin AGX literature,literature-derived,16,INT4,1.0
Priority-Aware,3119.211672466509,149572.1979695679,253,591.1944583777388,143551818802.25815,83809330074.2382,41.61736801838428,27.203475593986774,753.8664932918881,0,0,60,29,171,0,23.076923076923077,11.153846153846155,65.76923076923077,0.0,427.802030431989,427.802030431989,0.0,0.001368076706197686,,,,,2,Orin AGX literature,literature-derived,16,INT4,0.9347726503239195
Energy-WSRPT,2726.2302941556904,149925.07415388792,253,592.5892259046954,143551818802.25815,97160919477.94234,32.316483142731215,22.765765431084613,754.0107986472566,0,0,59,16,185,0,22.692307692307693,6.153846153846154,71.15384615384616,0.0,74.92584611201602,74.92584611201602,0.0,0.012065768868734058,,,,,2,Orin AGX literature,literature-derived,16,INT4,0.8170030716274309
Heuristic-TVD,3073.950406791305,149811.58058224004,253,592.1406347124113,143551818802.25815,91442202025.35844,36.3002135477506,19.307995678393674,754.0107986472566,0,0,66,5,189,0,25.384615384615383,1.9230769230769231,72.6923076923077,0.0,188.41941775996384,188.41941775996384,0.0,0.013781922461930662,,,,,2,Orin AGX literature,literature-derived,16,INT4,0.9212086483532647
Deadline-Energy,3336.4677303186013,149999.14584595192,255,588.2319444939291,145714942829.99643,110981222456.24066,23.836759428495334,21.056641569365155,79.38816423033008,0,0,56,6,198,0,21.53846153846154,2.307692307692308,76.15384615384615,0.0,0.8541540479423588,0.8541540479423588,0.0,0.009037691835636416,,,,,3,Orin AGX literature,literature-derived,16,INT4,1.0
Priority-Aware,3079.525201438201,149714.74027577575,255,587.1166285324539,145714942829.99643,99173908996.2753,31.93978114380479,23.861407537092266,79.38816423033008,0,0,56,37,167,0,21.53846153846154,14.23076923076923,64.23076923076924,0.0,285.2597242239267,285.2597242239267,0.0,0.0013526930930451131,,,,,3,Orin AGX literature,literature-derived,16,INT4,0.9229896556332452
Energy-WSRPT,2667.9526865513394,149779.0463734079,255,587.368809307482,145714942829.99643,105717435920.94403,27.449145662237896,25.533204001875248,79.12383896813532,0,0,53,18,189,0,20.384615384615383,6.923076923076923,72.6923076923077,0.0,220.95362659197696,220.95362659197696,0.0,0.011833077139901714,,,,,3,Orin AGX literature,literature-derived,16,INT4,0.7996338949445122
Heuristic-TVD,3143.967280018152,148649.49519110407,255,582.9391968278591,145714942829.99643,103310293923.51273,29.10109840687829,20.560191933457887,78.9210614943185,0,0,66,6,188,0,25.384615384615383,2.307692307692308,72.3076923076923,0.0,1350.504808895947,1350.504808895947,0.0,0.0138753839284898,,,,,3,Orin AGX literature,literature-derived,16,INT4,0.9423041174499633
Deadline-Energy,3371.7868417403483,149376.88895119986,259,576.7447449853277,143751290598.0329,97334725231.4237,32.28949470540917,16.95631204424277,726.8310659363178,0,0,61,19,180,0,23.46153846153846,7.307692307692308,69.23076923076923,0.0,623.1110487999285,623.1110487999285,0.0,0.009755384459052809,,,,,4,Orin AGX literature,literature-derived,16,INT4,1.0
Priority-Aware,3021.959357160965,149993.3360013759,259,579.1248494261617,143751290598.0329,90206925232.46498,37.24791975279881,23.087497311218975,726.9090733329451,0,0,60,26,174,0,23.076923076923077,10.0,66.92307692307692,0.0,6.663998623912363,6.663998623912363,0.0,0.0015703835882819616,,,,,4,Orin AGX literature,literature-derived,16,INT4,0.8962486358126898
Energy-WSRPT,2598.661170154912,149635.46115945597,259,577.7430932797528,143751290598.0329,102146754609.87085,28.94202606117775,20.713682162817108,726.9090733329451,0,0,55,12,193,0,21.153846153846153,4.615384615384616,74.23076923076923,0.0,364.53884054398964,364.53884054398964,0.0,0.011767691243081711,,,,,4,Orin AGX literature,literature-derived,16,INT4,0.770707429658754
Heuristic-TVD,3088.621669126095,149018.07892560007,259,575.35937809112,143751290598.0329,89267946356.51161,37.90111658466518,16.33958672847657,726.9090733329451,0,0,75,3,182,0,28.846153846153843,1.153846153846154,70.0,0.0,981.9210743999154,981.9210743999154,0.0,0.013531537730999004,,,,,4,Orin AGX literature,literature-derived,16,INT4,0.9160192545065816
Deadline-Energy,3504.4160350007655,146991.59098691202,260,565.3522730265847,145966253614.7567,115042162606.88376,21.185781125471483,16.206098970559488,71.52175526324095,0,0,58,2,200,0,22.30769230769231,0.7692307692307693,76.92307692307693,0.0,3008.409013087944,3008.409013087944,0.0,0.00936538607885058,,,,,5,Orin AGX literature,literature-derived,16,INT4,1.0
Priority-Aware,2987.345133843095,149795.88815974374,259,578.3625025472732,145966253614.7567,101279501165.09184,30.61444090193953,22.585919844560884,75.64213874690826,0,0,57,37,166,0,21.923076923076923,14.23076923076923,63.84615384615384,0.0,204.11184025598035,204.11184025598035,0.0,0.001418075743668641,,,,,5,Orin AGX literature,literature-derived,16,INT4,0.8524516221837349
Energy-WSRPT,2782.1176654308133,149506.06996883202,259,577.2435133931738,145966253614.7567,105883930324.2393,27.459993181920794,19.23022198036718,72.68886131400798,0,0,59,14,187,0,22.692307692307693,5.384615384615385,71.92307692307692,0.0,493.93003116805426,493.93003116805426,0.0,0.012242307667083178,,,,,5,Orin AGX literature,literature-derived,16,INT4,0.7938890924034382
Heuristic-TVD,3209.6216503670703,149900.0134325121,259,578.7645306274597,145966253614.7567,100052773728.87672,31.45485942734252,14.768463473285616,71.68310765675585,0,0,71,10,179,0,27.307692307692307,3.8461538461538463,68.84615384615384,0.0,99.9865674879718,99.9865674879718,0.0,0.013868460351099761,,,,,5,Orin AGX literature,literature-derived,16,INT4,0.9158791702556427
Deadline-Energy,3506.2848167332945,149183.646746304,258,578.2311889391628,136511684238.74997,94917012113.92496,30.46967910239732,16.20934339687495,76.09460045137142,0,0,61,6,193,0,23.46153846153846,2.307692307692308,74.23076923076923,0.0,816.3532536959765,816.3532536959765,0.0,0.00937461535123965,,,,,6,Orin AGX literature,literature-derived,16,INT4,1.0
Priority-Aware,3073.347622973227,149507.17168550377,257,581.7399676478746,136511684238.74997,82787529499.12334,39.35498638026223,25.933230020658264,112.48918967135168,0,0,58,36,166,0,22.30769230769231,13.846153846153847,63.84615384615384,0.0,492.82831449592254,492.82831449592254,0.0,0.0014046165653361152,,,,,6,Orin AGX literature,literature-derived,16,INT4,0.8765253776036874
Energy-WSRPT,2782.7275719626755,149786.47130911992,257,582.8267366113615,136511684238.74997,87666930031.65176,35.78063993531274,21.34424175505516,112.48918967135168,0,0,56,19,185,0,21.53846153846154,7.307692307692308,71.15384615384616,0.0,213.52869087998792,213.52869087998792,0.0,0.012184999426468633,,,,,6,Orin AGX literature,literature-derived,16,INT4,0.793639911590315
Heuristic-TVD,3193.075136076504,149048.17868985602,257,579.9540026842647,136511684238.74997,85167819458.37755,37.61133346694,15.496189356869944,77.97047621988175,0,0,69,6,185,0,26.53846153846154,2.307692307692308,71.15384615384616,0.0,951.821310143916,951.821310143916,0.0,0.013744230874670813,,,,,6,Orin AGX literature,literature-derived,16,INT4,0.9106719228392293
Deadline-Energy,3387.7090053966604,149986.804727776,254,590.4992312117165,139247165035.33093,101877437286.58598,26.83697563197297,15.435247326070627,78.97394509599184,0,0,55,5,200,0,21.153846153846153,1.9230769230769231,76.92307692307693,0.0,13.195272223965162,13.195272223965162,0.0,0.009688845826671101,,,,,7,Orin AGX literature,literature-derived,16,INT4,1.0
Priority-Aware,3051.182889229955,149987.4839763199,254,590.5019054185823,139247165035.33093,98960063857.1495,28.9320799945618,21.026595288296356,78.97394509599184,0,0,54,19,187,0,20.76923076923077,7.307692307692308,71.92307692307692,0.0,12.5160236799681,12.5160236799681,0.0,0.0014207681837993173,,,,,7,Orin AGX literature,literature-derived,16,INT4,0.9006626260901939
Energy-WSRPT,2676.4591281977087,149318.1568229119,254,587.8667591453225,139247165035.33093,101618857502.3879,27.022674051134665,17.221479646297908,77.5758726006289,0,0,58,19,183,0,22.30769230769231,7.307692307692308,70.38461538461539,0.0,681.8431770879488,681.8431770879488,0.0,0.0120807683113246,,,,,7,Orin AGX literature,literature-derived,16,INT4,0.7900498903341692
Heuristic-TVD,3110.928292830808,149447.33303971204,255,586.0679727047531,139247165035.33093,104310654669.0642,25.089566712113932,16.332523612474503,77.0454867734833,0,0,64,3,193,0,24.615384615384617,1.153846153846154,74.23076923076923,0.0,552.6669602879467,552.6669602879467,0.0,0.013117691000493674,,,,,7,Orin AGX literature,literature-derived,16,INT4,0.9182985574838519
Deadline-Energy,3292.939515322341,149948.1459188798,256,585.7349449956242,147675122448.8456,109058357948.78743,26.14981038084797,18.735129061470683,79.33171732849058,0,0,53,20,187,0,20.384615384615383,7.6923076923076925,71.92307692307692,0.0,51.85408111996264,51.85408111996264,0.0,0.009512692430199912,,,,,8,Orin AGX literature,literature-derived,16,INT4,1.0
Priority-Aware,2988.683696392272,149888.7641432957,256,585.5029849347488,147675122448.8456,95475229829.91357,35.347790307073545,22.076987439100776,79.33171732849058,0,0,56,37,167,0,21.53846153846154,14.23076923076923,64.23076923076924,0.0,111.23585670393803,111.23585670393803,0.0,0.0014503845774855178,,,,,8,Orin AGX literature,literature-derived,16,INT4,0.9076035810817844
Energy-WSRPT,2649.5622024120585,149248.80053382393,256,583.0031270852497,147675122448.8456,96087681622.98495,34.93306114828545,20.512617088570067,79.44232709372092,0,0,57,20,183,0,21.923076923076923,7.6923076923076925,70.38461538461539,0.0,751.19946617601,751.19946617601,0.0,0.011922309036330821,,,,,8,Orin AGX literature,literature-derived,16,INT4,0.8046191526092142
Heuristic-TVD,3083.9864444439977,149529.5600008,256,584.099843753125,147675122448.8456,99908569546.75023,32.345700555380695,16.631873519340722,79.33171732849058,0,0,64,5,191,0,24.615384615384617,1.9230769230769231,73.46153846153847,0.0,470.4399991999394,470.4399991999394,0.0,0.014090000835354798,,,,,8,Orin AGX literature,literature-derived,16,INT4,0.9365451233142711
Deadline-Energy,3620.1130367183955,149570.52809846392,258,579.7307290638137,145047080871.27374,102072848551.6437,29.62778158753072,15.116348021824038,77.33863677693337,0,0,63,9,188,0,24.23076923076923,3.4615384615384617,72.3076923076923,0.0,429.4719015359069,429.4719015359069,0.0,0.010009231090617295,,,,,9,Orin AGX literature,literature-derived,16,INT4,1.0
Priority-Aware,3170.0815252136795,149858.09939251174,256,585.383200751999,145047080871.27374,93039620145.19319,35.85557214504447,21.204891082356184,80.06785752733217,0,0,61,33,166,0,23.46153846153846,12.692307692307692,63.84615384615384,0.0,141.90060748792868,141.90060748792868,0.0,0.0014165376062290026,,,,,9,Orin AGX literature,literature-derived,16,INT4,0.8756857846868047
Energy-WSRPT,2732.96536699259,149916.1897071999,256,585.6101160437496,145047080871.27374,93902133386.22533,35.260928505302694,21.307816568833733,79.44361286559749,0,0,60,26,174,0,23.076923076923077,10.0,66.92307692307692,0.0,83.81029279995829,83.81029279995829,0.0,0.011925383632142957,,,,,9,Orin AGX literature,literature-derived,16,INT4,0.7549392351212332
Heuristic-TVD,3238.1564592866434,149120.35550377605,256,582.5013886866252,145047080871.27374,92720810693.35088,36.075369365317556,17.544904609645954,79.80025844459772,0,0,73,5,182,0,28.076923076923077,1.9230769230769231,70.0,0.0,879.6444962238579,879.6444962238579,0.0,0.01365192247948681,,,,,9,Orin AGX literature,literature-derived,16,INT4,0.8944904279071925
Deadline-Energy,3710.100779670554,49247.4851984427,260,189.413404609395,141896346105.7374,105779966974.30736,25.452649150329123,15.415767963420148,71.4423141796664,0,0,65,0,195,0,25.0,0.0,75.0,0.0,100752.51480155735,100752.51480155735,0.0,0.00922461499263031,,,,,0,60W mobile proxy,derived-proxy,16,FP16,0.9419661579208267
Priority-Aware,3551.8931244165483,60064.39205050664,259,231.90884961585576,141896346105.7374,89315751073.92041,37.05563707231426,20.631380747971463,110.33912208829416,0,0,78,12,170,0,30.0,4.615384615384616,65.38461538461539,0.0,89935.60794949337,89935.60794949337,0.0,0.001376155369843428,,,,,0,60W mobile proxy,derived-proxy,16,FP16,0.9017984465772789
Energy-WSRPT,3499.1670534155346,149875.2243164051,254,590.0599382535634,141896346105.7374,12853766027.244349,90.94143973399706,1.2109967802605146,736.9298172144859,0,0,192,26,42,0,73.84615384615385,10.0,16.153846153846153,0.0,124.7756835948251,124.7756835948251,0.0,0.012526923315957762,,,,,0,60W mobile proxy,derived-proxy,16,FP16,0.8884117011833988
Heuristic-TVD,3938.6773595558325,149770.9587902292,255,587.3370932950164,141896346105.7374,28710402589.06892,79.76663714252749,1.7084596750819703,70.94302784773276,0,0,193,0,67,0,74.23076923076923,0.0,25.769230769230766,0.0,229.0412097707357,229.0412097707357,0.0,0.013434615147371706,,,,,0,60W mobile proxy,derived-proxy,16,FP16,1.0
Deadline-Energy,3817.506697449895,58825.292423509345,260,226.25112470580518,138183152908.2682,97623791629.69403,29.35188583046674,10.28411112853179,72.25500075728323,0,0,72,0,188,0,27.692307692307693,0.0,72.3076923076923,0.0,91174.70757649072,91174.70757649072,0.0,0.00903807499875816,,,,,1,60W mobile proxy,derived-proxy,16,FP16,0.9363929941059496
Priority-Aware,3674.6423916419076,68442.90101409068,260,263.2419269772718,138183152908.2682,83081342987.12921,39.87592464163695,12.934506397489773,79.30292719235098,0,0,87,10,163,0,33.46153846153846,3.8461538461538463,62.69230769230769,0.0,81557.09898590947,81557.09898590947,0.0,0.0015246137851276076,,,,,1,60W mobile proxy,derived-proxy,16,FP16,0.9013499291767452
Energy-WSRPT,3634.686993568595,149915.52162562127,257,583.3288779207054,138183152908.2682,18990731996.88767,86.25683985551082,1.2109967802605146,110.15572642322172,0,0,189,28,43,0,72.6923076923077,10.76923076923077,16.538461538461537,0.0,84.47837437880926,84.47837437880926,0.0,0.011939614621671634,,,,,1,60W mobile proxy,derived-proxy,16,FP16,0.8915493033238667
Heuristic-TVD,4076.8210799086323,149825.06013857058,259,578.4751356701566,138183152908.2682,28468811633.298813,79.39776952969251,1.3529537124370412,65.97447507219266,0,0,198,0,62,0,76.15384615384615,0.0,23.846153846153847,0.0,174.93986142946676,174.93986142946676,0.0,0.01390807626124185,,,,,1,60W mobile proxy,derived-proxy,16,FP16,1.0
Deadline-Energy,3727.4909047532487,58791.286226773336,260,226.1203316414359,143551818802.25815,100349432288.78314,30.09532507072311,12.860969370166428,71.43436513271442,0,0,71,1,188,0,27.307692307692307,0.38461538461538464,72.3076923076923,0.0,91208.71377322667,91208.71377322667,0.0,0.009360769875526715,,,,,2,60W mobile proxy,derived-proxy,16,FP16,0.9397118531007859
Priority-Aware,3530.1429592095124,57676.25365597867,260,221.83174483068717,143551818802.25815,81765352376.60277,43.0412285550808,21.402373422387853,78.4072189003879,0,0,74,15,171,0,28.46153846153846,5.769230769230769,65.76923076923077,0.0,92323.7463440214,92323.7463440214,0.0,0.0017957703676074743,,,,,2,60W mobile proxy,derived-proxy,16,FP16,0.8899598326797423
Energy-WSRPT,3528.4450310356196,149930.80876062918,253,592.6118923345027,143551818802.25815,20722081121.77678,85.56473801957094,1.210996780260454,754.0107986472566,0,0,187,24,49,0,71.92307692307692,9.230769230769232,18.846153846153847,0.0,69.19123937063057,69.19123937063057,0.0,0.012151152791025547,,,,,2,60W mobile proxy,derived-proxy,16,FP16,0.8895317797960489
Heuristic-TVD,3966.631784470498,149714.6587262186,255,587.116308730269,143551818802.25815,30763153136.23324,78.57000113763148,1.2109967802605146,67.29031196382353,0,0,196,0,64,0,75.38461538461539,0.0,24.615384615384617,0.0,285.3412737813068,285.3412737813068,0.0,0.013383462702712188,,,,,2,60W mobile proxy,derived-proxy,16,FP16,1.0
Deadline-Energy,3789.116473093127,59335.11538779734,260,228.21198226075902,145714942829.99643,109056964346.36604,25.157322764350077,15.42668608128982,77.05464053457004,0,0,73,0,187,0,28.076923076923077,0.0,71.92307692307692,0.0,90664.8846122027,90664.8846122027,0.0,0.01039076887536794,,,,,3,60W mobile proxy,derived-proxy,16,FP16,0.9247630641222028
Priority-Aware,3714.67816735186,64873.790481354656,260,249.514578774441,145714942829.99643,96411603040.62616,33.83547276060204,16.769847643845956,78.1803292091174,0,0,81,12,167,0,31.153846153846153,4.615384615384616,64.23076923076924,0.0,85126.20951864537,85126.20951864537,0.0,0.0013080773687061782,,,,,3,60W mobile proxy,derived-proxy,16,FP16,0.9065958221822458
Energy-WSRPT,3645.737666153024,149733.2897473492,255,587.1893715582321,145714942829.99643,23194069701.664684,84.08257296664154,1.3810254790145335,57.00250115110651,0,0,187,25,48,0,71.92307692307692,9.615384615384617,18.461538461538463,0.0,266.71025265068613,266.71025265068613,0.0,0.012609230515618738,,,,,3,60W mobile proxy,derived-proxy,16,FP16,0.8897703617923431
Heuristic-TVD,4097.391667226465,149596.32022074657,258,579.8306985300254,145714942829.99643,31254639853.26767,78.55083408313723,1.6603900981112019,50.39849399071793,0,0,196,0,64,0,75.38461538461539,0.0,24.615384615384617,0.0,403.67977925337345,403.67977925337345,0.0,0.014119999832473695,,,,,3,60W mobile proxy,derived-proxy,16,FP16,1.0
Deadline-Energy,3806.434570798849,62810.18081027201,260,241.5776185010462,143751290598.0329,96634432667.29465,32.77665037630138,11.325929860212394,73.14807775617477,0,0,79,1,180,0,30.384615384615383,0.38461538461538464,69.23076923076923,0.0,87189.81918972803,87189.81918972803,0.0,0.009648845745966984,,,,,4,60W mobile proxy,derived-proxy,16,FP16,0.9512092834331846
Priority-Aware,3675.0292750668455,68136.506159264,260,262.06348522793843,143751290598.0329,78843845988.82722,45.15259956218708,14.598307059213402,722.8285196627825,0,0,88,14,158,0,33.84615384615385,5.384615384615385,60.76923076923077,0.0,81863.49384073612,81863.49384073612,0.0,0.001372308403146095,,,,,4,60W mobile proxy,derived-proxy,16,FP16,0.9183717461347745
Energy-WSRPT,3579.9846719458633,149956.382493472,259,578.9821717894671,143751290598.0329,26065487768.407837,81.86764956337407,1.9475986733795403,726.9090733329451,0,0,184,12,64,0,70.76923076923077,4.615384615384616,24.615384615384617,0.0,43.6175065280745,43.6175065280745,0.0,0.012096537997981964,,,,,4,60W mobile proxy,derived-proxy,16,FP16,0.8946205671384343
Heuristic-TVD,4001.679374974501,149783.14322200522,260,576.0890123923277,143751290598.0329,27275290385.339413,81.0260552987949,1.8801061490836826,70.50945176316512,0,0,194,0,66,0,74.61538461538461,0.0,25.384615384615383,0.0,216.85677799471284,216.85677799471284,0.0,0.013323075724586558,,,,,4,60W mobile proxy,derived-proxy,16,FP16,1.0
Deadline-Energy,3689.3393988200514,47420.46411973336,260,182.38640046051293,145966253614.7567,115042162606.88376,21.185781125471483,16.026909080403055,71.36271956499577,0,0,59,1,200,0,22.692307692307693,0.38461538461538464,76.92307692307693,0.0,102579.5358802667,102579.5358802667,0.0,0.009771153809896741,,,,,5,60W mobile proxy,derived-proxy,16,FP16,0.9212896554202038
Priority-Aware,3653.9505270996874,68169.663371008,260,262.1910129654154,145966253614.7567,97435093163.56842,33.24820583480533,16.058096002124003,74.03864247899895,0,0,85,9,166,0,32.69230769230769,3.4615384615384617,63.84615384615384,0.0,81830.33662899204,81830.33662899204,0.0,0.0013476920475323612,,,,,5,60W mobile proxy,derived-proxy,16,FP16,0.9124524631999945
Energy-WSRPT,3607.2974397155367,149854.2534341545,259,578.5878510971216,145966253614.7567,29774364558.3717,79.60188480485766,1.4178459690683969,48.920870797330494,0,0,188,18,54,0,72.3076923076923,6.923076923076923,20.76923076923077,0.0,145.74656584534176,145.74656584534176,0.0,0.012335000008953592,,,,,5,60W mobile proxy,derived-proxy,16,FP16,0.9008024082296713
Heuristic-TVD,4004.537961665628,149551.5928279999,260,575.1984339538458,145966253614.7567,39293943775.9298,73.08011762798486,1.8801061490838038,48.09455961066855,0,0,190,0,70,0,73.07692307692307,0.0,26.923076923076923,0.0,448.4071720000245,448.4071720000245,0.0,0.013739616350414088,,,,,5,60W mobile proxy,derived-proxy,16,FP16,1.0
Deadline-Energy,3732.932574101109,50003.34992372269,260,192.32057662970266,136511684238.74997,94917012113.92496,30.46967910239732,14.60893868356937,73.92129724806482,0,0,66,1,193,0,25.384615384615383,0.38461538461538464,74.23076923076923,0.0,99996.65007627741,99996.65007627741,0.0,0.01050769295453882,,,,,6,60W mobile proxy,derived-proxy,16,FP16,0.9374052509119049
Priority-Aware,3546.0856070651894,61254.61400981331,260,235.59466926851275,136511684238.74997,79932607445.38664,41.446325352202265,21.359685439153196,77.95723821033201,0,0,77,17,166,0,29.615384615384617,6.538461538461539,63.84615384615384,0.0,88745.38599018673,88745.38599018673,0.0,0.001359228693987601,,,,,6,60W mobile proxy,derived-proxy,16,FP16,0.8904846798757107
Energy-WSRPT,3615.694559827465,149999.38975412262,257,583.6552130510607,136511684238.74997,24575368145.744278,81.99760827596005,1.880106149083728,110.72537450054526,0,0,180,25,55,0,69.23076923076923,9.615384615384617,21.153846153846153,0.0,0.6102458774489605,0.6102458774489605,0.0,0.011568461643316997,,,,,6,60W mobile proxy,derived-proxy,16,FP16,0.9079647164246024
Heuristic-TVD,3982.1972092323185,149580.28797336522,258,579.7685580362993,136511684238.74997,27546331822.002304,79.82126440266785,1.9538358019890438,64.87169919169492,0,0,192,0,68,0,73.84615384615385,0.0,26.153846153846157,0.0,419.7120266348484,419.7120266348484,0.0,0.014389614695504021,,,,,6,60W mobile proxy,derived-proxy,16,FP16,1.0
Deadline-Energy,3834.8593185085224,60551.46746844799,260,232.89025949403074,139247165035.33093,99881808965.40207,28.270131072284855,11.838968943251544,68.4461327724551,0,0,71,0,189,0,27.307692307692307,0.0,72.6923076923077,0.0,89448.53253155197,89448.53253155197,0.0,0.009931539086839901,,,,,7,60W mobile proxy,derived-proxy,16,FP16,0.9204069639085856
Priority-Aware,3827.1754023757267,86130.70262182395,260,331.27193316086135,139247165035.33093,77464709916.8403,44.36891415549802,9.247300119530852,72.90775365767003,0,0,101,16,143,0,38.84615384615385,6.153846153846154,55.00000000000001,0.0,63869.29737817602,63869.29737817602,0.0,0.001433461147826165,,,,,7,60W mobile proxy,derived-proxy,16,FP16,0.9185627424309994
Energy-WSRPT,3675.05181383871,149883.919490496,254,590.0941712224252,139247165035.33093,27212169609.641376,80.45764909990312,1.360422911811376,61.05644459025232,0,0,182,25,53,0,70.0,9.615384615384617,20.384615384615383,0.0,116.08050950413326,116.08050950413326,0.0,0.012300384920448638,,,,,7,60W mobile proxy,derived-proxy,16,FP16,0.8820514655795998
Heuristic-TVD,4166.482294118538,149277.10496460792,260,574.1427114023381,139247165035.33093,36562890409.7811,73.74245256590748,1.8801061490836826,49.5436301760267,0,0,195,1,64,0,75.0,0.38461538461538464,24.615384615384617,0.0,722.8950353921159,722.8950353921159,0.0,0.013846923068810541,,,,,7,60W mobile proxy,derived-proxy,16,FP16,1.0
Deadline-Energy,3750.18698325306,61368.809572298676,260,236.03388297037952,147675122448.8456,107986139264.03853,26.87587626585871,10.647973555536677,74.23923498141562,0,0,72,1,187,0,27.692307692307693,0.38461538461538464,71.92307692307692,0.0,88631.19042770134,88631.19042770134,0.0,0.009269230940844864,,,,,8,60W mobile proxy,derived-proxy,16,FP16,0.9679999664636308
Priority-Aware,3683.331717220914,74320.13883889069,259,286.9503430073,147675122448.8456,91277240214.14523,38.19050988377308,11.816140087959745,78.44504524348606,0,0,85,8,167,0,32.69230769230769,3.076923076923077,64.23076923076924,0.0,75679.8611611094,75679.8611611094,0.0,0.002231921042458942,,,,,8,60W mobile proxy,derived-proxy,16,FP16,0.950743254847375
Energy-WSRPT,3500.2006478966186,149904.76664520518,256,585.5654947078327,147675122448.8456,25801803523.75112,82.52799584934232,1.8801061490838038,78.44808184755358,0,0,176,25,59,0,67.6923076923077,9.615384615384617,22.692307692307693,0.0,95.23335479482688,95.23335479482688,0.0,0.01378538458643911,,,,,8,60W mobile proxy,derived-proxy,16,FP16,0.903473380103531
Heuristic-TVD,3874.1602408867025,149679.3200494825,259,577.9124326234846,147675122448.8456,47945822578.333725,67.5329048093784,2.0644302813469038,69.45151303904682,0,0,180,0,80,0,69.23076923076923,0.0,30.76923076923077,0.0,320.6799505174156,320.6799505174156,0.0,0.012971153885770876,,,,,8,60W mobile proxy,derived-proxy,16,FP16,1.0
Deadline-Energy,3939.318878069849,54482.20789698135,260,209.54695344992828,145047080871.27374,102072848551.6437,29.62778158753072,10.752650312716167,66.8191582745461,0,0,72,0,188,0,27.692307692307693,0.0,72.3076923076923,0.0,95517.79210301867,95517.79210301867,0.0,0.009190384522438623,,,,,9,60W mobile proxy,derived-proxy,16,FP16,0.9537326611778661
Priority-Aware,3864.4971769970484,67425.34084678399,260,259.3282340260923,145047080871.27374,88415641780.66504,39.04348763893285,11.438537449130916,76.80100423138477,0,0,88,6,166,0,33.84615384615385,2.307692307692308,63.84615384615384,0.0,82574.65915321601,82574.65915321601,0.0,0.0015496138635521324,,,,,9,60W mobile proxy,derived-proxy,16,FP16,0.9356178798446574
Energy-WSRPT,3739.6207852799926,149872.77509746124,256,585.440527724458,145047080871.27374,20195700628.710014,86.07645151670906,1.3143838679995195,70.80185814863538,0,0,190,29,41,0,73.07692307692307,11.153846153846155,15.769230769230768,0.0,127.22490253871962,127.22490253871962,0.0,0.01366230717394501,,,,,9,60W mobile proxy,derived-proxy,16,FP16,0.9053845585327883
Heuristic-TVD,4130.422537071095,149846.52988706125,259,578.5580304519739,145047080871.27374,27984987771.537216,80.70627302291363,1.7483412544217571,60.570435413467585,0,0,200,0,60,0,76.92307692307693,0.0,23.076923076923077,0.0,153.47011293871083,153.47011293871083,0.0,0.013353075281394502,,,,,9,60W mobile proxy,derived-proxy,16,FP16,1.0
