policy,total_value,energy_j,useful_tasks,j_per_task,raw_bits,transmitted_bits,bw_saving,median_latency_min,p95_latency_min,oom_count,energy_violation_count,on_count,pre_count,down_count,drop_count,on_pct,pre_pct,down_pct,drop_pct,residual_energy_j,min_energy_j,energy_overrun_j,mean_decision_ms,lambda_energy_final,lambda_bandwidth_final,lambda_energy_mean,lambda_bandwidth_mean,seed,horizon_h,task_count,allow_pre,contact_model,training_seed_count,training_q_states,ua_training_seed_count,ua_training_q_states,normalized_value,scenario
Deadline-Energy,3747.037656026518,58049.70900277334,260,223.26811154912824,141896346105.7374,105779966974.30736,25.452649150329123,15.415767963420148,71.4423141796664,0,0,65,0,195,0,25.0,0.0,75.0,0.0,91950.2909972267,91950.2909972267,0.0,0.0093246129556344,,,,,0,24,260,0,fixed-window,10,283,10,646,0.9651114118825784,no-pre
Energy-WSRPT,3416.572951720937,149979.35837264013,254,590.4699148529139,141896346105.7374,37373304106.81187,73.66154581671731,1.0218073941260324,736.9298172144859,0,0,156,17,87,0,60.0,6.538461538461538,33.46153846153846,0.0,20.641627360083703,20.641627360083703,0.0,0.0116838454582298,,,,,0,24,260,0,fixed-window,10,283,10,646,0.8799947713180618,no-pre
ActiveInf-inspired,3421.80832607899,149948.95533034668,254,590.3502178360105,141896346105.7374,45964940281.98785,67.60667801288133,1.1894509169151812,736.9298172144859,0,0,152,0,108,0,58.46153846153846,0.0,41.53846153846154,0.0,51.04466965333791,51.04466965333791,0.0,0.0251596158844991,,,,,0,24,260,0,fixed-window,10,283,10,646,0.8813432284199828,no-pre
LEO-DRL-inspired,3558.447019761486,149842.4962700801,254,589.9310876774807,141896346105.7374,48102695179.10066,66.1001170930393,1.1894509169151812,736.9298172144859,0,0,153,0,107,0,58.84615384615385,0.0,41.15384615384615,0.0,157.50372992000302,157.50372992000302,0.0,0.054900000955408,,,,,0,24,260,0,fixed-window,10,283,10,646,0.9165367798820584,no-pre
Hierarchical-RA-inspired,3421.80832607899,149948.95533034668,254,590.3502178360105,141896346105.7374,45964940281.98785,67.60667801288133,1.1894509169151812,736.9298172144859,0,0,152,0,108,0,58.46153846153846,0.0,41.53846153846154,0.0,51.04466965333791,51.04466965333791,0.0,0.0129092307850861,,,,,0,24,260,0,fixed-window,10,283,10,646,0.8813432284199828,no-pre
DRL-UA-inspired,3649.080356290253,149827.02988672006,254,589.8701964044097,141896346105.7374,46373420265.08682,67.31880591870168,1.1445659766542235,736.9298172144859,0,0,158,0,102,0,60.76923076923077,0.0,39.23076923076923,0.0,172.97011328001213,172.97011328001213,0.0,0.057476539894616,,,,,0,24,260,0,fixed-window,10,283,10,646,0.9398808920609748,no-pre
QoS-Multihop-projected,3524.269704797154,149866.77917141342,254,590.0266896512339,141896346105.7374,43138638326.71692,69.59848543628378,1.144565976654216,736.9298172144859,0,0,153,0,107,0,58.84615384615385,0.0,41.15384615384615,0.0,133.22082858669563,133.22082858669563,0.0,0.01387038579336,,,,,0,24,260,0,fixed-window,10,283,10,646,0.9077338481456958,no-pre
DelayCost-adapted,3421.829949606231,149648.5736161067,254,589.1676126618374,141896346105.7374,45878263947.81834,67.66776227371558,1.1894509169151812,736.9298172144859,0,0,152,0,108,0,58.46153846153846,0.0,41.53846153846154,0.0,351.4263838933448,351.4263838933448,0.0,0.0108576927092284,,,,,0,24,260,0,fixed-window,10,283,10,646,0.8813487979164281,no-pre
Heuristic-TVD,3882.4923318618953,149952.72988789337,255,588.0499211289936,141896346105.7374,42621549426.45103,69.96289855505471,1.0218073941260324,76.23202046570702,0,0,168,0,92,0,64.61538461538461,0.0,35.38461538461539,0.0,47.27011210666029,47.27011210666029,0.0,0.0100765377283096,,,,,0,24,260,0,fixed-window,10,283,10,646,1.0,no-pre
Deadline-Energy,3857.038359997837,69168.98741205335,260,266.034566969436,138183152908.2682,97623791629.69405,29.35188583046674,10.28411112853179,72.25500075728323,0,0,72,0,188,0,27.692307692307693,0.0,72.3076923076923,0.0,80831.01258794659,80831.01258794659,0.0,0.0094026911448544,,,,,1,24,260,0,fixed-window,10,283,10,646,0.9762447363577478,no-pre
Energy-WSRPT,3545.68728302179,149958.24434954658,257,583.4951142005704,138183152908.2682,35534348773.2781,74.28460125174065,0.7956735252066817,111.78914483510076,0,0,161,22,77,0,61.92307692307692,8.461538461538462,29.615384615384617,0.0,41.75565045332473,41.75565045332473,0.0,0.0121999993168104,,,,,1,24,260,0,fixed-window,10,283,10,646,0.897439492103617,no-pre
ActiveInf-inspired,3631.2729708214993,149948.73988490662,257,583.4581318478857,138183152908.2682,43288467486.07565,68.67312217516678,1.1121057625823898,111.78914483510076,0,0,161,0,99,0,61.92307692307692,0.0,38.07692307692308,0.0,51.2601150933076,51.2601150933076,0.0,0.0248946152099121,,,,,1,24,260,0,fixed-window,10,283,10,646,0.9191018582570276,no-pre
LEO-DRL-inspired,3705.3140581781527,149983.43954794665,257,583.5931499920104,138183152908.2682,44363978494.57557,67.89479935804746,1.1445659766542424,111.78914483510076,0,0,160,0,100,0,61.53846153846154,0.0,38.46153846153846,0.0,16.560452053315657,16.560452053315657,0.0,0.0538669228822422,,,,,1,24,260,0,fixed-window,10,283,10,646,0.9378422012507068,no-pre
Hierarchical-RA-inspired,3631.2729708214993,149948.73988490662,257,583.4581318478857,138183152908.2682,43288467486.07565,68.67312217516678,1.1121057625823898,111.78914483510076,0,0,161,0,99,0,61.92307692307692,0.0,38.07692307692308,0.0,51.2601150933076,51.2601150933076,0.0,0.0127773070394491,,,,,1,24,260,0,fixed-window,10,283,10,646,0.9191018582570276,no-pre
DRL-UA-inspired,3727.189016861887,149777.52202047998,257,582.7919144765758,138183152908.2682,44084966619.22353,68.09671389645524,1.1445659766542424,111.89255143557872,0,0,158,0,102,0,60.76923076923077,0.0,39.23076923076923,0.0,222.47797951998348,222.47797951998348,0.0,0.0566376929502719,,,,,1,24,260,0,fixed-window,10,283,10,646,0.9433789139509275,no-pre
QoS-Multihop-projected,3669.931931137701,149710.1303933866,257,582.5296902466405,138183152908.2682,39942773203.78173,71.09432491361851,1.0031271825265018,111.78914483510076,0,0,162,0,98,0,62.30769230769231,0.0,37.69230769230769,0.0,289.8696066133423,289.8696066133423,0.0,0.0137200005925618,,,,,1,24,260,0,fixed-window,10,283,10,646,0.9288867250380196,no-pre
DelayCost-adapted,3631.2729708214993,149948.73988490662,257,583.4581318478857,138183152908.2682,43288467486.07565,68.67312217516678,1.1121057625823898,111.78914483510076,0,0,161,0,99,0,61.92307692307692,0.0,38.07692307692308,0.0,51.2601150933076,51.2601150933076,0.0,0.0108496149410851,,,,,1,24,260,0,fixed-window,10,283,10,646,0.9191018582570276,no-pre
Heuristic-TVD,3950.892861546158,149571.7581421866,258,579.7354966751418,138183152908.2682,39288217251.275154,71.56801214591164,0.9832486245364028,79.30292719235098,0,0,169,0,91,0,65.0,0.0,35.0,0.0,428.24185781330334,428.24185781330334,0.0,0.0101823074286445,,,,,1,24,260,0,fixed-window,10,283,10,646,1.0,no-pre
Deadline-Energy,3772.396708012707,71163.84858981332,260,273.70710996082045,143551818802.25815,100349432288.78314,30.09532507072311,12.860969370166428,71.43436513271442,0,0,71,1,188,0,27.307692307692307,0.3846153846153846,72.3076923076923,0.0,78836.15141018668,78836.15141018668,0.0,0.0093880762086393,,,,,2,24,260,0,fixed-window,10,283,10,646,0.9842870551834726,no-pre
Energy-WSRPT,3321.5130395923347,149908.74235413317,253,592.5246733364947,143551818802.25815,37769024481.34253,73.68962316432288,0.721079132218559,754.0107986472566,0,0,156,26,78,0,60.0,10.0,30.0,0.0,91.25764586669428,91.25764586669428,0.0,0.0119119229986189,,,,,2,24,260,0,fixed-window,10,283,10,646,0.866643288482806,no-pre
ActiveInf-inspired,3503.876401087591,149988.82686965325,253,592.8412129235306,143551818802.25815,46598836653.9086,67.53866510176493,1.0218073941260324,754.0107986472566,0,0,159,0,101,0,61.15384615384615,0.0,38.84615384615385,0.0,11.17313034669212,11.17313034669212,0.0,0.025074615349205,,,,,2,24,260,0,fixed-window,10,283,10,646,0.914225213172292,no-pre
LEO-DRL-inspired,3650.139754763961,149859.33771402662,253,592.3293980791566,143551818802.25815,44387986069.44715,69.07877138736127,0.9832486245364028,754.0107986472566,0,0,165,0,95,0,63.46153846153846,0.0,36.53846153846154,0.0,140.66228597334646,140.66228597334646,0.0,0.0540473081995374,,,,,2,24,260,0,fixed-window,10,283,10,646,0.9523879878787764,no-pre
Hierarchical-RA-inspired,3503.876401087591,149988.82686965325,253,592.8412129235306,143551818802.25815,46598836653.9086,67.53866510176493,1.0218073941260324,754.0107986472566,0,0,159,0,101,0,61.15384615384615,0.0,38.84615384615385,0.0,11.17313034669212,11.17313034669212,0.0,0.012717308037771,,,,,2,24,260,0,fixed-window,10,283,10,646,0.914225213172292,no-pre
DRL-UA-inspired,3651.320038308592,149703.57788586663,253,591.7137465844531,143551818802.25815,45616322118.02735,68.22309706792112,1.0025280093312177,754.0107986472566,0,0,156,0,104,0,60.0,0.0,40.0,0.0,296.42211413336554,296.42211413336554,0.0,0.0564338460278052,,,,,2,24,260,0,fixed-window,10,283,10,646,0.9526959453669056,no-pre
QoS-Multihop-projected,3529.0639864737486,149721.43295786655,253,591.7843199915674,143551818802.25815,46874359635.59304,67.34673233213282,0.9558835878589887,754.0107986472566,0,0,157,0,103,0,60.38461538461539,0.0,39.61538461538461,0.0,278.56704213334706,278.56704213334706,0.0,0.013612691747347,,,,,2,24,260,0,fixed-window,10,283,10,646,0.9207971132575252,no-pre
DelayCost-adapted,3503.876401087591,149988.82686965325,253,592.8412129235306,143551818802.25815,46598836653.9086,67.53866510176493,1.0218073941260324,754.0107986472566,0,0,159,0,101,0,61.15384615384615,0.0,38.84615384615385,0.0,11.17313034669212,11.17313034669212,0.0,0.0115861553170431,,,,,2,24,260,0,fixed-window,10,283,10,646,0.914225213172292,no-pre
Heuristic-TVD,3832.618429904604,149875.4171290666,254,590.0606973585299,143551818802.25815,42153956555.43225,70.63502440641376,0.7668729075820011,111.32618025258743,0,0,167,0,93,0,64.23076923076923,0.0,35.76923076923077,0.0,124.58287093335002,124.58287093335002,0.0,0.0103149986199031,,,,,2,24,260,0,fixed-window,10,283,10,646,1.0,no-pre
Deadline-Energy,3844.9481927810575,71697.5270752,260,275.75971952000003,145714942829.99643,109056964346.36604,25.15732276435008,15.42668608128982,77.05464053457004,0,0,73,0,187,0,28.07692307692308,0.0,71.92307692307692,0.0,78302.47292479995,78302.47292479995,0.0,0.0101549990806513,,,,,3,24,260,0,fixed-window,10,283,10,646,0.9646914194077068,no-pre
Energy-WSRPT,3623.277603213673,149949.53697776,255,588.0373999127843,145714942829.99643,39833274930.7004,72.66356204993106,0.9823328932730268,77.65385075632592,0,0,159,19,82,0,61.15384615384615,7.3076923076923075,31.53846153846154,0.0,50.463022240007376,50.463022240007376,0.0,0.0123107689432799,,,,,3,24,260,0,fixed-window,10,283,10,646,0.909074619136588,no-pre
ActiveInf-inspired,3675.794092615589,149676.17291999998,255,586.965384,145714942829.99643,53119402792.70478,63.54567228243816,1.1445659766542424,78.84356683183506,0,0,158,0,102,0,60.76923076923077,0.0,39.23076923076923,0.0,323.82708000001776,323.82708000001776,0.0,0.0266542307844457,,,,,3,24,260,0,fixed-window,10,283,10,646,0.9222509232539134,no-pre
LEO-DRL-inspired,3733.148221129786,149984.66605386665,255,588.1751609955555,145714942829.99643,53594204678.18169,63.21982932065568,1.079645548510598,76.9653606780634,0,0,159,0,101,0,61.15384615384615,0.0,38.84615384615385,0.0,15.333946133347808,15.333946133347808,0.0,0.053195000733607,,,,,3,24,260,0,fixed-window,10,283,10,646,0.9366409833720534,no-pre
Hierarchical-RA-inspired,3675.794092615589,149676.17291999998,255,586.965384,145714942829.99643,53119402792.70478,63.54567228243816,1.1445659766542424,78.84356683183506,0,0,158,0,102,0,60.76923076923077,0.0,39.23076923076923,0.0,323.82708000001776,323.82708000001776,0.0,0.012505385138166,,,,,3,24,260,0,fixed-window,10,283,10,646,0.9222509232539134,no-pre
DRL-UA-inspired,3766.345350956692,149646.50897439994,255,586.8490548015684,145714942829.99643,49218126474.920105,66.22300670128101,1.0218073941260324,73.13191143162409,0,0,160,0,100,0,61.53846153846154,0.0,38.46153846153846,0.0,353.4910256000408,353.4910256000408,0.0,0.0610692307908231,,,,,3,24,260,0,fixed-window,10,283,10,646,0.9449700907324872,no-pre
QoS-Multihop-projected,3771.117408585051,149934.04405141328,255,587.9766433388756,145714942829.99643,47208469637.48302,67.60217674273773,0.9832486245364028,77.65385075632592,0,0,160,0,100,0,61.53846153846154,0.0,38.46153846153846,0.0,65.95594858670472,65.95594858670472,0.0,0.0155088461514634,,,,,3,24,260,0,fixed-window,10,283,10,646,0.9461673924427264,no-pre
DelayCost-adapted,3675.794092615589,149676.17291999998,255,586.965384,145714942829.99643,53119402792.70478,63.54567228243816,1.1445659766542424,78.84356683183506,0,0,158,0,102,0,60.76923076923077,0.0,39.23076923076923,0.0,323.82708000001776,323.82708000001776,0.0,0.0109880777577368,,,,,3,24,260,0,fixed-window,10,283,10,646,0.9222509232539134,no-pre
Heuristic-TVD,3985.6767826770415,149921.3306329599,257,583.3514810621008,145714942829.99643,48351527943.053314,66.81772850196677,1.0025280093312177,67.95993451600984,0,0,165,0,95,0,63.46153846153846,0.0,36.53846153846154,0.0,78.66936704002819,78.66936704002819,0.0,0.0104511552938045,,,,,3,24,260,0,fixed-window,10,283,10,646,1.0,no-pre
Deadline-Energy,3856.879439805607,72710.54138586667,260,279.6559284071795,143751290598.0329,96634432667.29465,32.77665037630138,11.325929860212394,73.14807775617477,0,0,79,1,180,0,30.384615384615383,0.3846153846153846,69.23076923076923,0.0,77289.45861413333,77289.45861413333,0.0,0.0098023084529603,,,,,4,24,260,0,fixed-window,10,283,10,646,0.976602024845582,no-pre
Energy-WSRPT,3385.3319243306705,149904.75896778662,259,578.7828531574773,143751290598.0329,45158969510.27501,68.5853467315632,1.1445659766542424,726.9090733329451,0,0,153,12,95,0,58.84615384615385,4.615384615384615,36.53846153846154,0.0,95.24103221335204,95.24103221335204,0.0,0.0140461535640777,,,,,4,24,260,0,fixed-window,10,283,10,646,0.8572012850477788,no-pre
ActiveInf-inspired,3443.5041022722658,149651.71670047997,259,577.8058559864091,143751290598.0329,49692979596.54487,65.43128107593847,1.2567783273066502,726.9090733329451,0,0,153,0,107,0,58.84615384615385,0.0,41.15384615384615,0.0,348.283299520042,348.283299520042,0.0,0.0265557683843116,,,,,4,24,260,0,fixed-window,10,283,10,646,0.8719310860835879,no-pre
LEO-DRL-inspired,3577.0607835361407,149869.21706005326,259,578.6456257144913,143751290598.0329,45267529603.05627,68.5098273450383,1.167008446784708,726.9090733329451,0,0,157,0,103,0,60.38461538461539,0.0,39.61538461538461,0.0,130.7829399467143,130.7829399467143,0.0,0.0555576915548254,,,,,4,24,260,0,fixed-window,10,283,10,646,0.9057490281244546,no-pre
Hierarchical-RA-inspired,3443.5041022722658,149651.71670047997,259,577.8058559864091,143751290598.0329,49692979596.54487,65.43128107593847,1.2567783273066502,726.9090733329451,0,0,153,0,107,0,58.84615384615385,0.0,41.15384615384615,0.0,348.283299520042,348.283299520042,0.0,0.0128788456025246,,,,,4,24,260,0,fixed-window,10,283,10,646,0.8719310860835879,no-pre
DRL-UA-inspired,3645.854186249762,149991.0736395733,259,579.1161144385069,143751290598.0329,47143766281.89591,67.20463093877709,1.1894509169151812,726.9090733329451,0,0,154,0,106,0,59.23076923076923,0.0,40.76923076923077,0.0,8.926360426679253,8.926360426679253,0.0,0.0614649985576621,,,,,4,24,260,0,fixed-window,10,283,10,646,0.9231682338410652,no-pre
QoS-Multihop-projected,3540.545369482036,149690.42336778666,259,577.9553025783268,143751290598.0329,48208262778.39015,66.46411828524492,1.1445659766542424,726.9090733329451,0,0,153,0,107,0,58.84615384615385,0.0,41.15384615384615,0.0,309.57663221335093,309.57663221335093,0.0,0.0143473076884849,,,,,4,24,260,0,fixed-window,10,283,10,646,0.8965029451550811,no-pre
DelayCost-adapted,3443.5041022722658,149651.71670047997,259,577.8058559864091,143751290598.0329,49692979596.54487,65.43128107593847,1.2567783273066502,726.9090733329451,0,0,153,0,107,0,58.84615384615385,0.0,41.15384615384615,0.0,348.283299520042,348.283299520042,0.0,0.0112742305366107,,,,,4,24,260,0,fixed-window,10,283,10,646,0.8719310860835879,no-pre
Heuristic-TVD,3949.284705215973,149888.1055233066,259,578.718554144041,143751290598.0329,39489818184.92574,72.52906876825902,1.0777419947470055,722.8285196627825,0,0,167,0,93,0,64.23076923076923,0.0,35.76923076923077,0.0,111.89447669336346,111.89447669336346,0.0,0.0104157688418546,,,,,4,24,260,0,fixed-window,10,283,10,646,1.0,no-pre
Deadline-Energy,3736.392823105972,55724.94501317332,260,214.3267115891281,145966253614.7567,115042162606.88376,21.185781125471483,16.026909080403055,71.36271956499577,0,0,59,1,200,0,22.692307692307693,0.3846153846153846,76.92307692307692,0.0,94275.05498682668,94275.05498682668,0.0,0.0094161540171346,,,,,5,24,260,0,fixed-window,10,283,10,646,0.948997807285672,no-pre
Energy-WSRPT,3471.765746386301,149994.31164517338,259,579.1286163906308,145966253614.7567,45220625639.26772,69.01980799026546,0.9832486245364028,70.00163995268541,0,0,157,15,88,0,60.38461538461539,5.769230769230769,33.84615384615385,0.0,5.688354826696696,5.688354826696696,0.0,0.01110115386277,,,,,5,24,260,0,fixed-window,10,283,10,646,0.881785785572541,no-pre
ActiveInf-inspired,3458.499318970162,149928.29939221338,259,578.8737428270787,145966253614.7567,52843940095.84344,63.79715256972172,1.1894509169151757,70.00163995268541,0,0,153,0,107,0,58.84615384615385,0.0,41.15384615384615,0.0,71.70060778667579,71.70060778667579,0.0,0.0265796158391122,,,,,5,24,260,0,fixed-window,10,283,10,646,0.8784162762290441,no-pre
LEO-DRL-inspired,3582.0166113913906,149983.11302666672,259,579.0853784813387,145966253614.7567,51948638060.81276,64.41051491400276,1.0987846064879705,70.14701649298937,0,0,155,0,105,0,59.61538461538461,0.0,40.38461538461539,0.0,16.88697333332243,16.88697333332243,0.0,0.0544688462888678,,,,,5,24,260,0,fixed-window,10,283,10,646,0.9097881488396355,no-pre
Hierarchical-RA-inspired,3458.499318970162,149928.29939221338,259,578.8737428270787,145966253614.7567,52843940095.84344,63.79715256972172,1.1894509169151757,70.00163995268541,0,0,153,0,107,0,58.84615384615385,0.0,41.15384615384615,0.0,71.70060778667579,71.70060778667579,0.0,0.0129880782109327,,,,,5,24,260,0,fixed-window,10,283,10,646,0.8784162762290441,no-pre
DRL-UA-inspired,3717.100636022041,149996.66058314673,259,579.1376856492152,145966253614.7567,57680087538.77189,60.4839570035107,1.079645548510598,66.97653440604378,0,0,156,0,104,0,60.0,0.0,40.0,0.0,3.339416853341106,3.339416853341106,0.0,0.0565096152758297,,,,,5,24,260,0,fixed-window,10,283,10,646,0.9440978291229968,no-pre
QoS-Multihop-projected,3615.207749124073,149773.12681941336,259,578.2746209243759,145966253614.7567,49620549569.62471,66.00546472845265,1.0218073941260324,70.00163995268541,0,0,157,0,103,0,60.38461538461539,0.0,39.61538461538461,0.0,226.8731805866994,226.8731805866994,0.0,0.0152284607443457,,,,,5,24,260,0,fixed-window,10,283,10,646,0.9182182894647984,no-pre
DelayCost-adapted,3488.552789938942,149850.63120448004,259,578.5738656543631,145966253614.7567,51379515027.4298,64.80041533227686,1.1445659766542424,70.00163995268541,0,0,154,0,106,0,59.23076923076923,0.0,40.76923076923077,0.0,149.36879552000664,149.36879552000664,0.0,0.0113800006846968,,,,,5,24,260,0,fixed-window,10,283,10,646,0.8860494880996812,no-pre
Heuristic-TVD,3937.198584043962,149787.40836597333,259,578.3297620307851,145966253614.7567,52641966177.041336,63.935522853126514,0.9832486245364028,61.70983823207116,0,0,166,0,94,0,63.84615384615385,0.0,36.15384615384615,0.0,212.5916340266608,212.5916340266608,0.0,0.0108461539359548,,,,,5,24,260,0,fixed-window,10,283,10,646,1.0,no-pre
Deadline-Energy,3774.454989403311,59623.26823472,260,229.3202624412308,136511684238.74995,94917012113.92496,30.46967910239732,14.60893868356937,73.92129724806482,0,0,66,1,193,0,25.384615384615383,0.3846153846153846,74.23076923076923,0.0,90376.73176528004,90376.73176528004,0.0,0.0103038451365696,,,,,6,24,260,0,fixed-window,10,283,10,646,0.954223681049816,no-pre
Energy-WSRPT,3450.5182428618828,149852.43026117323,257,583.083386230246,136511684238.74995,40142368011.44429,70.59418888918114,1.1121057625823825,110.72537450054526,0,0,152,23,85,0,58.46153846153846,8.846153846153847,32.69230769230769,0.0,147.56973882662228,147.56973882662228,0.0,0.0123630758025683,,,,,6,24,260,0,fixed-window,10,283,10,646,0.872328913307221,no-pre
ActiveInf-inspired,3559.4555089295304,149652.1489362133,257,582.304081463865,136511684238.74995,50179907496.561615,63.241309506664464,1.2567783273065891,110.72537450054526,0,0,150,0,110,0,57.69230769230769,0.0,42.30769230769231,0.0,347.8510637866695,347.8510637866695,0.0,0.0277461545640387,,,,,6,24,260,0,fixed-window,10,283,10,646,0.8998694507682352,no-pre
LEO-DRL-inspired,3647.3071349545503,149829.65900351992,257,582.9947821148635,136511684238.74995,48736741673.36094,64.29848335317321,1.1894509169151812,110.72537450054526,0,0,155,0,105,0,59.61538461538461,0.0,40.38461538461539,0.0,170.3409964800054,170.3409964800054,0.0,0.0542749998902973,,,,,6,24,260,0,fixed-window,10,283,10,646,0.9220793068155738,no-pre
Hierarchical-RA-inspired,3559.4555089295304,149652.1489362133,257,582.304081463865,136511684238.74995,50179907496.561615,63.241309506664464,1.2567783273065891,110.72537450054526,0,0,150,0,110,0,57.69230769230769,0.0,42.30769230769231,0.0,347.8510637866695,347.8510637866695,0.0,0.0142711528147069,,,,,6,24,260,0,fixed-window,10,283,10,646,0.8998694507682352,no-pre
DRL-UA-inspired,3666.0332057133455,149990.33930111988,257,583.6199972806221,136511684238.74995,48669707288.39765,64.34758858935655,1.1894509169151812,110.72537450054526,0,0,153,0,107,0,58.84615384615385,0.0,41.15384615384615,0.0,9.660698879989011,9.660698879989011,0.0,0.0589338451391086,,,,,6,24,260,0,fixed-window,10,283,10,646,0.9268134631960904,no-pre
QoS-Multihop-projected,3650.033153550884,149870.04893055998,257,583.1519413640466,136511684238.74995,49255548892.71529,63.91843733568581,1.1445659766542424,110.72537450054526,0,0,150,0,110,0,57.69230769230769,0.0,42.30769230769231,0.0,129.95106943996996,129.95106943996996,0.0,0.0137511536684961,,,,,6,24,260,0,fixed-window,10,283,10,646,0.9227684742601204,no-pre
DelayCost-adapted,3559.4555089295304,149652.1489362133,257,582.304081463865,136511684238.74995,50179907496.561615,63.241309506664464,1.2567783273065891,110.72537450054526,0,0,150,0,110,0,57.69230769230769,0.0,42.30769230769231,0.0,347.8510637866695,347.8510637866695,0.0,0.0121765375997011,,,,,6,24,260,0,fixed-window,10,283,10,646,0.8998694507682352,no-pre
Heuristic-TVD,3955.524332880461,149715.49098826657,257,582.550548592477,136511684238.74995,41220788579.558304,69.80420481263285,1.1445659766542198,75.21373487501121,0,0,166,0,94,0,63.84615384615385,0.0,36.15384615384615,0.0,284.50901173332545,284.50901173332545,0.0,0.0100961550532911,,,,,6,24,260,0,fixed-window,10,283,10,646,1.0,no-pre
Deadline-Energy,3883.084076158536,71262.57109365333,260,274.08681189866667,139247165035.33093,99881808965.40208,28.27013107228485,11.838968943251544,68.4461327724551,0,0,71,0,189,0,27.307692307692307,0.0,72.6923076923077,0.0,78737.42890634667,78737.42890634667,0.0,0.0101503851160836,,,,,7,24,260,0,fixed-window,10,283,10,646,0.9443534133043082,no-pre
Energy-WSRPT,3507.6946827679367,149740.9884856531,254,589.5314507309178,139247165035.33093,44480995043.98906,68.05608571441797,1.000107804039059,66.51159414699696,0,0,155,26,79,0,59.61538461538461,10.0,30.384615384615383,0.0,259.0115143466953,259.0115143466953,0.0,0.0138103846648636,,,,,7,24,260,0,fixed-window,10,283,10,646,0.8530599342001044,no-pre
ActiveInf-inspired,3727.733689542321,149982.54397749322,254,590.482456604304,139247165035.33093,53876426618.40443,61.3087802507617,1.1445659766542424,69.26924140178392,0,0,157,0,103,0,60.38461538461539,0.0,39.61538461538461,0.0,17.456022506699696,17.456022506699696,0.0,0.0254746143652412,,,,,7,24,260,0,fixed-window,10,283,10,646,0.9065727047278668,no-pre
LEO-DRL-inspired,3813.089422655132,149795.4575097598,254,589.7458957077158,139247165035.33093,52972436472.51989,61.95797849164162,1.144565976654227,72.73764298342051,0,0,161,0,99,0,61.92307692307692,0.0,38.07692307692308,0.0,204.54249024003184,204.54249024003184,0.0,0.0527049991293237,,,,,7,24,260,0,fixed-window,10,283,10,646,0.9273309413071572,no-pre
Hierarchical-RA-inspired,3727.733689542321,149982.54397749322,254,590.482456604304,139247165035.33093,53876426618.40443,61.3087802507617,1.1445659766542424,69.26924140178392,0,0,157,0,103,0,60.38461538461539,0.0,39.61538461538461,0.0,17.456022506699696,17.456022506699696,0.0,0.0134565374957254,,,,,7,24,260,0,fixed-window,10,283,10,646,0.9065727047278668,no-pre
DRL-UA-inspired,3816.247168259498,149801.08214005324,254,589.7680399214695,139247165035.33093,51149656313.67213,63.26700346057743,1.1445659766542424,72.3059563761682,0,0,154,0,106,0,59.23076923076923,0.0,40.76923076923077,0.0,198.9178599467089,198.9178599467089,0.0,0.0595234613193987,,,,,7,24,260,0,fixed-window,10,283,10,646,0.9280988947640856,no-pre
QoS-Multihop-projected,3777.8795123474415,149648.61722495986,254,589.1677843502357,139247165035.33093,53327413536.64096,61.7030526092863,1.021807394126055,69.26924140178392,0,0,157,0,103,0,60.38461538461539,0.0,39.61538461538461,0.0,351.3827750399992,351.3827750399992,0.0,0.0138138452222427,,,,,7,24,260,0,fixed-window,10,283,10,646,0.918768005679428,no-pre
DelayCost-adapted,3727.733689542321,149982.54397749322,254,590.482456604304,139247165035.33093,53876426618.40443,61.3087802507617,1.1445659766542424,69.26924140178392,0,0,157,0,103,0,60.38461538461539,0.0,39.61538461538461,0.0,17.456022506699696,17.456022506699696,0.0,0.0112473074785576,,,,,7,24,260,0,fixed-window,10,283,10,646,0.9065727047278668,no-pre
Heuristic-TVD,4111.897115478791,149670.5285704532,258,580.1183277924542,139247165035.33093,48006134866.0227,65.5245154514692,1.021807394126055,61.38957043915382,0,0,169,0,91,0,65.0,0.0,35.0,0.0,329.4714295466986,329.4714295466986,0.0,0.0103165383244721,,,,,7,24,260,0,fixed-window,10,283,10,646,1.0,no-pre
Deadline-Energy,3807.586330320566,73051.95887727995,260,280.96907260492287,147675122448.8456,107986139264.03851,26.87587626585871,10.647973555536677,74.23923498141562,0,0,72,1,187,0,27.692307692307693,0.3846153846153846,71.92307692307692,0.0,76948.04112272005,76948.04112272005,0.0,0.009863461421516,,,,,8,24,260,0,fixed-window,10,283,10,646,0.9920789887534682,no-pre
Energy-WSRPT,3335.145916001523,149805.56215354672,256,585.1779771622919,147675122448.8456,43717117103.24272,70.39642400270483,1.079645548510545,78.66929020213107,0,0,150,27,83,0,57.69230769230769,10.384615384615383,31.923076923076923,0.0,194.43784645337144,194.43784645337144,0.0,0.0131723080322934,,,,,8,24,260,0,fixed-window,10,283,10,646,0.8689831039007548,no-pre
ActiveInf-inspired,3438.518911283296,149649.83337631993,256,584.5696616262497,147675122448.8456,56155278227.45821,61.97377236175288,1.2567783273065891,79.33171732849058,0,0,150,0,110,0,57.69230769230769,0.0,42.30769230769231,0.0,350.1666236799206,350.1666236799206,0.0,0.0265688456308383,,,,,8,24,260,0,fixed-window,10,283,10,646,0.8959172736678063,no-pre
LEO-DRL-inspired,3587.3151708424066,149794.38984053332,256,585.1343353145833,147675122448.8456,50481543226.71813,65.815810822026,1.194996646261249,78.71920664394437,0,0,151,0,109,0,58.07692307692308,0.0,41.92307692307692,0.0,205.61015946659427,205.61015946659427,0.0,0.0552073084131384,,,,,8,24,260,0,fixed-window,10,283,10,646,0.9346866225170214,no-pre
Hierarchical-RA-inspired,3438.518911283296,149649.83337631993,256,584.5696616262497,147675122448.8456,56155278227.45821,61.97377236175288,1.2567783273065891,79.33171732849058,0,0,150,0,110,0,57.69230769230769,0.0,42.30769230769231,0.0,350.1666236799206,350.1666236799206,0.0,0.0138265381862695,,,,,8,24,260,0,fixed-window,10,283,10,646,0.8959172736678063,no-pre
DRL-UA-inspired,3629.559530052317,149958.00310869332,256,585.7734496433333,147675122448.8456,49881194365.33941,66.222344333848,1.167008446784708,78.66929020213107,0,0,152,0,108,0,58.46153846153846,0.0,41.53846153846154,0.0,41.996891306617385,41.996891306617385,0.0,0.0573196161824923,,,,,8,24,260,0,fixed-window,10,283,10,646,0.945693527555988,no-pre
QoS-Multihop-projected,3571.030061288624,149786.00867690673,256,585.1015963941669,147675122448.8456,49872833902.21164,66.22800572284103,1.079645548510598,78.71920664394437,0,0,152,0,108,0,58.46153846153846,0.0,41.53846153846154,0.0,213.9913230933273,213.9913230933273,0.0,0.0143988456469602,,,,,8,24,260,0,fixed-window,10,283,10,646,0.930443484314428,no-pre
DelayCost-adapted,3438.518911283296,149649.83337631993,256,584.5696616262497,147675122448.8456,56155278227.45821,61.97377236175288,1.2567783273065891,79.33171732849058,0,0,150,0,110,0,57.69230769230769,0.0,42.30769230769231,0.0,350.1666236799206,350.1666236799206,0.0,0.0113269226858392,,,,,8,24,260,0,fixed-window,10,283,10,646,0.8959172736678063,no-pre
Heuristic-TVD,3837.987069058623,149719.9602573866,257,582.567938744695,147675122448.8456,61385932170.2414,58.43177161305191,1.1445659766542424,75.53968085804092,0,0,155,0,105,0,59.61538461538461,0.0,40.38461538461539,0.0,280.0397426132629,280.0397426132629,0.0,0.0112823078570027,,,,,8,24,260,0,fixed-window,10,283,10,646,1.0,no-pre
Deadline-Energy,3987.9015633096137,64223.37783562667,260,247.0129916754872,145047080871.27374,102072848551.6437,29.62778158753072,10.752650312716169,66.8191582745461,0,0,72,0,188,0,27.692307692307693,0.0,72.3076923076923,0.0,85776.62216437332,85776.62216437332,0.0,0.0102576921702935,,,,,9,24,260,0,fixed-window,10,283,10,646,0.989996977245978,no-pre
Energy-WSRPT,3445.5022080778594,149772.53937029318,256,585.0489819152077,145047080871.27374,39449361301.11854,72.80237488120906,0.9832486245364028,79.09861167966864,0,0,157,29,74,0,60.38461538461539,11.153846153846152,28.46153846153846,0.0,227.4606297067164,227.4606297067164,0.0,0.0138719230352972,,,,,9,24,260,0,fixed-window,10,283,10,646,0.8553462809800546,no-pre
ActiveInf-inspired,3504.66277133158,149873.5611089066,256,585.4435980816664,145047080871.27374,50140040654.220375,65.4318857345922,1.144565976654227,79.09861167966864,0,0,158,0,102,0,60.76923076923077,0.0,39.23076923076923,0.0,126.43889109329524,126.43889109329524,0.0,0.0271569230020619,,,,,9,24,260,0,fixed-window,10,283,10,646,0.8700328969517753,no-pre
LEO-DRL-inspired,3720.591201268368,149762.45833631995,256,585.0096028762498,145047080871.27374,44211467967.27513,69.51922941040648,1.079645548510598,79.09861167966864,0,0,166,0,94,0,63.84615384615385,0.0,36.15384615384615,0.0,237.5416636799904,237.5416636799904,0.0,0.0549307693010912,,,,,9,24,260,0,fixed-window,10,283,10,646,0.9236371521083344,no-pre
Hierarchical-RA-inspired,3504.66277133158,149873.5611089066,256,585.4435980816664,145047080871.27374,50140040654.220375,65.4318857345922,1.144565976654227,79.09861167966864,0,0,158,0,102,0,60.76923076923077,0.0,39.23076923076923,0.0,126.43889109329524,126.43889109329524,0.0,0.0140280750481626,,,,,9,24,260,0,fixed-window,10,283,10,646,0.8700328969517753,no-pre
DRL-UA-inspired,3778.013199045422,149973.91771999988,256,585.8356160937495,145047080871.27374,43736014279.917946,69.8470220722796,1.0796455485105754,77.44137861085507,0,0,159,0,101,0,61.15384615384615,0.0,38.84615384615385,0.0,26.08227999996734,26.08227999996734,0.0,0.0555873080604494,,,,,9,24,260,0,fixed-window,10,283,10,646,0.937892169019918,no-pre
QoS-Multihop-projected,3596.645098381708,149840.4507995733,256,585.3142609358332,145047080871.27374,49475422121.20469,65.89009456514806,1.024717703951516,79.09861167966864,0,0,157,0,103,0,60.38461538461539,0.0,39.61538461538461,0.0,159.5492004266648,159.5492004266648,0.0,0.015146922893249,,,,,9,24,260,0,fixed-window,10,283,10,646,0.8928675191945832,no-pre
DelayCost-adapted,3505.652736208358,149791.98858666664,256,585.1249554166666,145047080871.27374,49098051601.17715,66.1502656197882,1.101273557297706,79.09861167966864,0,0,158,0,102,0,60.76923076923077,0.0,39.23076923076923,0.0,208.0114133332949,208.0114133332949,0.0,0.0110673070034513,,,,,9,24,260,0,fixed-window,10,283,10,646,0.870278655835246,no-pre
Heuristic-TVD,4028.195696519552,149522.0178698665,257,581.7977349022043,145047080871.27374,41111842808.23144,71.65620806618139,0.9832486245364028,70.43976702267629,0,0,172,0,88,0,66.15384615384616,0.0,33.84615384615385,0.0,477.9821301333002,477.9821301333002,0.0,0.0098353841727098,,,,,9,24,260,0,fixed-window,10,283,10,646,1.0,no-pre
Deadline-Energy,3706.507052881344,74242.05993642665,260,285.5463843708717,141896346105.7374,102687834277.71008,27.631798072383184,18.2938328705658,101.39133485483056,0,0,76,0,184,0,29.23076923076923,0.0,70.76923076923077,0.0,75757.94006357338,75757.94006357338,0.0,0.0112723077808578,,,,,0,24,260,1,tle,10,283,10,646,0.9553290641485346,tle
Energy-WSRPT,3318.981262687555,149926.47214549338,254,590.2617013602102,141896346105.7374,44887077493.39559,68.36629079937906,1.1445659766542235,82.39147357370932,0,0,152,14,94,0,58.46153846153846,5.384615384615385,36.15384615384615,0.0,73.52785450669936,73.52785450669936,0.0,0.0140807699958363,,,,,0,24,260,1,tle,10,283,10,646,0.8554467099003595,tle
ActiveInf-inspired,3359.7590180774423,149991.64198074644,255,588.2025175715547,141896346105.7374,45119470954.62508,68.20251388220862,1.1894509169151812,82.4674219566125,0,0,151,23,86,0,58.07692307692308,8.846153846153847,33.07692307692308,0.0,8.358019253337659,8.358019253337659,0.0,0.0314750001192666,,,,,0,24,260,1,tle,10,283,10,646,0.8659569218975053,tle
LEO-DRL-inspired,3478.229060116652,149994.69378191998,254,590.53029048,141896346105.7374,49934728158.518135,64.80901057078094,1.1894509169151812,82.47336960808907,0,0,153,11,96,0,58.84615384615385,4.230769230769231,36.92307692307692,0.0,5.306218079991993,5.306218079991993,0.0,0.0602311530831055,,,,,0,24,260,1,tle,10,283,10,646,0.89649183597597,tle
Hierarchical-RA-inspired,3377.8348738675595,149991.64198074644,256,585.9048514872908,141896346105.7374,46226434135.86997,67.42239289134108,1.1894509169151812,82.27655043039427,0,0,151,23,86,0,58.07692307692308,8.846153846153847,33.07692307692308,0.0,8.358019253337659,8.358019253337659,0.0,0.0178680759675514,,,,,0,24,260,1,tle,10,283,10,646,0.8706158609334455,tle
DRL-UA-inspired,3586.208705358817,149983.44293775997,255,588.1703644618038,141896346105.7374,51351191591.07759,63.810772440319184,1.1670084467847044,82.91028120558539,0,0,155,19,86,0,59.61538461538461,7.3076923076923075,33.07692307692308,0.0,16.557062240003944,16.557062240003944,0.0,0.0669546152214304,,,,,0,24,260,1,tle,10,283,10,646,0.924322915740434,tle
QoS-Multihop-projected,3426.2804691585684,149986.98292634662,254,590.4999327808922,141896346105.7374,45679699333.47753,67.80769865670943,1.1894509169151737,82.39147357370932,0,0,150,11,99,0,57.69230769230769,4.230769230769231,38.07692307692308,0.0,13.017073653326946,13.017073653326946,0.0,0.0205257695947343,,,,,0,24,260,1,tle,10,283,10,646,0.8831024108175203,tle
DelayCost-adapted,3377.8348738675595,149991.64198074644,256,585.9048514872908,141896346105.7374,46226434135.86997,67.42239289134108,1.1894509169151812,82.27655043039427,0,0,151,23,86,0,58.07692307692308,8.846153846153847,33.07692307692308,0.0,8.358019253337659,8.358019253337659,0.0,0.015710384468548,,,,,0,24,260,1,tle,10,283,10,646,0.8706158609334455,tle
Heuristic-TVD,3879.822348108794,149831.9900123734,257,583.0038521882234,141896346105.7374,47171833455.71634,66.75613238091054,1.0451746570634592,69.79858179948845,0,0,166,0,94,0,63.84615384615385,0.0,36.15384615384615,0.0,168.00998762664744,168.00998762664744,0.0,0.0153280768874817,,,,,0,24,260,1,tle,10,283,10,646,1.0,tle
Deadline-Energy,3737.409662619984,66273.10336853331,260,254.8965514174358,138183152908.2682,98798174225.01125,28.50201189822493,15.77085353379604,92.3983412675936,0,0,72,2,186,0,27.692307692307693,0.7692307692307693,71.53846153846153,0.0,83726.89663146666,83726.89663146666,0.0,0.0111307686893269,,,,,1,24,260,1,tle,10,283,10,646,0.9309333494938644,tle
Energy-WSRPT,3674.573426234536,149949.4845007999,259,578.955538613127,138183152908.2682,39484276406.991066,71.4261286010731,0.9832486245364028,70.9825342447437,0,0,163,16,81,0,62.69230769230769,6.153846153846154,31.15384615384616,0.0,50.51549919997322,50.51549919997322,0.0,0.0131150004633057,,,,,1,24,260,1,tle,10,283,10,646,0.9152817743954882,tle
ActiveInf-inspired,3689.137747495731,149984.4624849066,259,579.0905887448131,138183152908.2682,47166344065.62943,65.8667912310986,1.0796455485105374,75.85875508974077,0,0,161,2,97,0,61.92307692307692,0.7692307692307693,37.30769230769231,0.0,15.537515093307604,15.537515093307604,0.0,0.030311154282222,,,,,1,24,260,1,tle,10,283,10,646,0.91890953094313,tle
LEO-DRL-inspired,3722.3715809156297,149987.02060410654,259,579.100465652921,138183152908.2682,44438065243.499535,67.84118446551919,1.079645548510598,75.85875508974077,0,0,160,13,87,0,61.53846153846154,5.0,33.46153846153846,0.0,12.979395893288311,12.979395893288311,0.0,0.0616142306870852,,,,,1,24,260,1,tle,10,283,10,646,0.9271875862421092,tle
Hierarchical-RA-inspired,3689.137747495731,149984.4624849066,259,579.0905887448131,138183152908.2682,47166344065.62943,65.8667912310986,1.0796455485105374,75.85875508974077,0,0,161,2,97,0,61.92307692307692,0.7692307692307693,37.30769230769231,0.0,15.537515093307604,15.537515093307604,0.0,0.0166465388387083,,,,,1,24,260,1,tle,10,283,10,646,0.91890953094313,tle
DRL-UA-inspired,3774.0062509336767,149959.6216019199,259,578.9946779996909,138183152908.2682,46656938458.23548,66.23543646510343,1.0426731538048444,75.2413863881377,0,0,159,12,89,0,61.15384615384615,4.615384615384615,34.23076923076923,0.0,40.37839808000584,40.37839808000584,0.0,0.0665738455539282,,,,,1,24,260,1,tle,10,283,10,646,0.9400490171927144,tle
QoS-Multihop-projected,3786.4448263137306,149996.74643071982,259,579.1380171070264,138183152908.2682,39162342899.80291,71.65910454670221,0.9838477977316872,70.6489714405391,0,0,163,14,83,0,62.69230769230769,5.384615384615385,31.923076923076923,0.0,3.2535692800135507,3.2535692800135507,0.0,0.0201042309457149,,,,,1,24,260,1,tle,10,283,10,646,0.9431472819500673,tle
DelayCost-adapted,3682.021309797117,149991.66151727972,259,579.1183842366012,138183152908.2682,41030039953.16394,70.30749473461398,1.0796455485105374,75.36092807156164,0,0,161,21,78,0,61.92307692307692,8.076923076923077,30.0,0.0,8.338482719985848,8.338482719985848,0.0,0.0158484619952595,,,,,1,24,260,1,tle,10,283,10,646,0.9171369317952508,tle
Heuristic-TVD,4014.6909170801127,149619.30930117326,259,577.6807308925609,138183152908.2682,44338677668.42206,67.91310898959155,0.988017054228476,70.35701400159182,0,0,170,1,89,0,65.38461538461539,0.3846153846153846,34.23076923076923,0.0,380.69069882662734,380.69069882662734,0.0,0.015606153913093,,,,,1,24,260,1,tle,10,283,10,646,1.0,tle
Deadline-Energy,3676.171568022325,56348.64672000001,260,216.7255643076924,143551818802.25815,104771777132.48756,27.014664107593024,15.516571081644845,88.41497607482745,0,0,61,0,199,0,23.46153846153846,0.0,76.53846153846153,0.0,93651.35328,93651.35328,0.0,0.0106400007588,,,,,2,24,260,1,tle,10,283,10,646,0.9238002156477254,tle
Energy-WSRPT,3572.932791979468,149952.59382005318,255,588.0493875296203,143551818802.25815,43655425676.88049,69.58908215784044,0.7668729075820011,69.98095336235453,0,0,158,16,86,0,60.76923076923077,6.153846153846154,33.07692307692308,0.0,47.40617994665374,47.40617994665374,0.0,0.0152619244405426,,,,,2,24,260,1,tle,10,283,10,646,0.897856920617318,tle
ActiveInf-inspired,3652.688867835718,149995.79092005303,256,585.9210582814571,143551818802.25815,45552442980.28546,68.26759607759921,1.0796455485105374,70.78351584719623,0,0,158,21,81,0,60.76923076923077,8.076923076923077,31.15384615384616,0.0,4.209079946691958,4.209079946691958,0.0,0.0316073070280253,,,,,2,24,260,1,tle,10,283,10,646,0.9178991517025384,tle
LEO-DRL-inspired,3761.490131783074,149993.22218261322,255,588.2087144416205,143551818802.25815,44332049993.17988,69.11773716065065,0.9832486245364028,75.6677732137522,0,0,167,10,83,0,64.23076923076923,3.8461538461538463,31.923076923076923,0.0,6.7778173866385885,6.7778173866385885,0.0,0.0584507705822873,,,,,2,24,260,1,tle,10,283,10,646,0.9452402671095606,tle
Hierarchical-RA-inspired,3655.177548831513,149995.79092005303,256,585.9210582814571,143551818802.25815,46257587782.55695,67.77638335166165,1.0796455485105374,70.78351584719623,0,0,158,21,81,0,60.76923076923077,8.076923076923077,31.15384615384616,0.0,4.209079946691958,4.209079946691958,0.0,0.0181176920215455,,,,,2,24,260,1,tle,10,283,10,646,0.9185245425468048,tle
DRL-UA-inspired,3807.432013388928,149986.89667450657,256,585.8863151347913,143551818802.25815,49578863349.11571,65.46274107650957,1.050726471318285,72.9611375546405,0,0,159,13,88,0,61.15384615384615,5.0,33.84615384615385,0.0,13.103325493343393,13.103325493343393,0.0,0.06568000110117,,,,,2,24,260,1,tle,10,283,10,646,0.9567851907752376,tle
QoS-Multihop-projected,3702.751207158025,149995.700893333,256,585.9207066145821,143551818802.25815,45228127145.54757,68.49351856151048,0.9832486245364028,70.78351584719623,0,0,158,20,82,0,60.76923076923077,7.6923076923076925,31.53846153846154,0.0,4.299106666682263,4.299106666682263,0.0,0.0197669235953631,,,,,2,24,260,1,tle,10,283,10,646,0.9304795220704688,tle
DelayCost-adapted,3655.177548831513,149995.79092005303,256,585.9210582814571,143551818802.25815,46257587782.55695,67.77638335166165,1.0796455485105374,70.78351584719623,0,0,158,21,81,0,60.76923076923077,8.076923076923077,31.15384615384616,0.0,4.209079946691958,4.209079946691958,0.0,0.0161180759627873,,,,,2,24,260,1,tle,10,283,10,646,0.9185245425468048,tle
Heuristic-TVD,3979.401071523637,149459.51245695996,257,581.5545231788325,143551818802.25815,48721544365.42237,66.05996024854548,0.9583279317566242,67.84449887468308,0,0,166,0,94,0,63.84615384615385,0.0,36.15384615384615,0.0,540.4875430400141,540.4875430400141,0.0,0.0157765385945542,,,,,2,24,260,1,tle,10,283,10,646,1.0,tle
Deadline-Energy,3842.9507722901294,60855.477298293335,260,234.059528070359,145714942829.99643,112129696489.97528,23.048594528293908,17.416554522605608,75.3955751135382,0,0,64,1,195,0,24.615384615384617,0.3846153846153846,75.0,0.0,89144.52270170665,89144.52270170665,0.0,0.0105838470447521,,,,,3,24,260,1,tle,10,283,10,646,0.9350355269236152,tle
Energy-WSRPT,3587.099018167369,149894.80226928,259,578.7444103061003,145714942829.99643,38347328605.8196,73.6833245368947,0.7175219706068294,67.01365908084489,0,0,163,27,70,0,62.69230769230769,10.384615384615383,26.923076923076923,0.0,105.19773071999089,105.19773071999089,0.0,0.013778077398176,,,,,3,24,260,1,tle,10,283,10,646,0.8727837589708496,tle
ActiveInf-inspired,3664.859137210098,149997.6763199998,259,579.1416074131266,145714942829.99643,50641637487.53654,65.2460917844099,1.1445659766542424,68.70909977600112,0,0,158,18,84,0,60.76923076923077,6.923076923076923,32.30769230769231,0.0,2.3236800000176743,2.3236800000176743,0.0,0.0308634617025605,,,,,3,24,260,1,tle,10,283,10,646,0.8917037187077869,tle
LEO-DRL-inspired,3756.168396888801,149984.66605386665,259,579.0913747253538,145714942829.99643,57185444304.49779,60.75526422076338,1.079645548510598,69.73523259531535,0,0,159,0,101,0,61.15384615384615,0.0,38.84615384615385,0.0,15.333946133347808,15.333946133347808,0.0,0.0601665388855438,,,,,3,24,260,1,tle,10,283,10,646,0.9139203451481516,tle
Hierarchical-RA-inspired,3675.460732678688,149997.6763199998,259,579.1416074131266,145714942829.99643,50335008953.587456,65.45652218227708,1.1445659766542424,68.36995111476999,0,0,158,18,84,0,60.76923076923077,6.923076923076923,32.30769230769231,0.0,2.3236800000176743,2.3236800000176743,0.0,0.0175288461972601,,,,,3,24,260,1,tle,10,283,10,646,0.8942832126936795,tle
DRL-UA-inspired,3801.4135516932606,149772.0078115198,259,578.2703004305785,145714942829.99643,47407168645.74524,67.46581529318203,0.9832486245364028,66.55024984472469,0,0,160,16,84,0,61.53846153846154,6.153846153846154,32.30769230769231,0.0,227.99218848005063,227.99218848005063,0.0,0.067152307579258,,,,,3,24,260,1,tle,10,283,10,646,0.9249290282331336,tle
QoS-Multihop-projected,3832.3206721052056,149944.01361935976,259,578.9344155187636,145714942829.99643,40838400213.4853,71.97377329987984,0.9211670985803266,65.8067467225753,0,0,165,17,78,0,63.46153846153846,6.538461538461538,30.0,0.0,55.98638064006184,55.98638064006184,0.0,0.0208299994343318,,,,,3,24,260,1,tle,10,283,10,646,0.932449097401975,tle
DelayCost-adapted,3694.401495066312,149994.7536578132,259,579.1303230031398,145714942829.99643,52721433163.42711,63.8187874630425,1.079645548510598,68.70909977600112,0,0,159,10,91,0,61.15384615384615,3.8461538461538463,35.0,0.0,5.246342186703771,5.246342186703771,0.0,0.0146776932524517,,,,,3,24,260,1,tle,10,283,10,646,0.898891724951278,tle
Heuristic-TVD,4109.951613211877,148537.6642045332,260,571.2987084789739,145714942829.99643,49519593697.639496,66.0161183637746,0.9832486245364028,60.99213132508108,0,0,166,1,93,0,63.84615384615385,0.3846153846153846,35.76923076923077,0.0,1462.3357954666835,1462.3357954666835,0.0,0.0164723068547363,,,,,3,24,260,1,tle,10,283,10,646,1.0,tle
Deadline-Energy,3814.432550931616,67193.68164704,260,258.437237104,143751290598.0329,98639928265.83955,31.38153552884389,11.031365251957808,84.51100708255588,0,0,75,2,183,0,28.846153846153847,0.7692307692307693,70.38461538461539,0.0,82806.31835296005,82806.31835296005,0.0,0.011005000068018,,,,,4,24,260,1,tle,10,283,10,646,0.9368375509057814,tle
Energy-WSRPT,3456.94806511841,149973.9381812266,260,576.8228391585639,143751290598.0329,43033681466.56744,70.06379470574554,1.1445659766542424,76.08451903298176,0,0,154,16,90,0,59.23076923076923,6.153846153846154,34.61538461538461,0.0,26.06181877334484,26.06181877334484,0.0,0.0134476930655252,,,,,4,24,260,1,tle,10,283,10,646,0.849038150679328,tle
ActiveInf-inspired,3523.5229586951536,149991.08140047977,260,576.8887746172298,143751290598.0329,44313892892.46013,69.1732208398924,1.2567783273065891,74.50991908952233,0,0,153,19,88,0,58.84615384615385,7.3076923076923075,33.84615384615385,0.0,8.918599520041823,8.918599520041823,0.0,0.0304830765414338,,,,,4,24,260,1,tle,10,283,10,646,0.8653891699770783,tle
LEO-DRL-inspired,3634.488223111385,149995.8063173332,260,576.9069473743584,143751290598.0329,45252490060.05439,68.52028954189186,1.112105762582409,78.84820657167953,0,0,158,6,96,0,60.76923076923077,2.3076923076923075,36.92307692307692,0.0,4.193682666699687,4.193682666699687,0.0,0.057716539035587,,,,,4,24,260,1,tle,10,283,10,646,0.8926426146672787,tle
Hierarchical-RA-inspired,3538.490954082776,149991.08140047977,260,576.8887746172298,143751290598.0329,45050252585.06745,68.66097521792689,1.2567783273065891,72.97041510785282,0,0,153,19,88,0,58.84615384615385,7.3076923076923075,33.84615384615385,0.0,8.918599520041823,8.918599520041823,0.0,0.0172015403782447,,,,,4,24,260,1,tle,10,283,10,646,0.8690653603287688,tle
DRL-UA-inspired,3801.68683774888,149725.59528261318,260,575.8676741638968,143751290598.0329,46380544406.12395,67.73556312908775,1.1445659766542424,74.51106089908065,0,0,154,13,93,0,59.23076923076923,5.0,35.76923076923077,0.0,274.4047173866645,274.4047173866645,0.0,0.0674573073271088,,,,,4,24,260,1,tle,10,283,10,646,0.9337071605886827,tle
QoS-Multihop-projected,3640.406959074729,149996.4247286932,260,576.9093258795892,143751290598.0329,45073225468.99285,68.64499422476167,1.167008446784708,67.92915594709744,0,0,152,13,95,0,58.46153846153846,5.0,36.53846153846154,0.0,3.5752713066936224,3.5752713066936224,0.0,0.0200361532803911,,,,,4,24,260,1,tle,10,283,10,646,0.8940962762618461,tle
DelayCost-adapted,3538.490954082776,149991.08140047977,260,576.8887746172298,143751290598.0329,45050252585.06745,68.66097521792689,1.2567783273065891,72.97041510785282,0,0,153,19,88,0,58.84615384615385,7.3076923076923075,33.84615384615385,0.0,8.918599520041823,8.918599520041823,0.0,0.0154746161290229,,,,,4,24,260,1,tle,10,283,10,646,0.8690653603287688,tle
Heuristic-TVD,4071.605100845533,149426.4199604266,260,574.7169998477947,143751290598.0329,43778587753.50127,69.54560368023553,1.0463842652887252,62.50451824663489,0,0,168,0,92,0,64.61538461538461,0.0,35.38461538461539,0.0,573.5800395733736,573.5800395733736,0.0,0.014867692572387,,,,,4,24,260,1,tle,10,283,10,646,1.0,tle
Deadline-Energy,3670.1513114283534,72900.16571664001,260,280.3852527563077,145966253614.7567,106428106618.06863,27.087183521911605,23.510053271355595,105.98363565617304,0,0,78,1,181,0,30.0,0.3846153846153846,69.61538461538461,0.0,77099.83428336002,77099.83428336002,0.0,0.0111457698109846,,,,,5,24,260,1,tle,10,283,10,646,0.9402460192652634,tle
Energy-WSRPT,3396.133444238181,149945.44470608,259,578.9399409501158,145966253614.7567,49311743853.1168,66.21702439300563,1.0218073941260477,70.19648614800263,0,0,156,9,95,0,60.0,3.4615384615384617,36.53846153846154,0.0,54.555293919971376,54.555293919971376,0.0,0.0133730781201917,,,,,5,24,260,1,tle,10,283,10,646,0.8700461318571208,tle
ActiveInf-inspired,3405.9569793578817,149999.74459221333,259,579.1495930201287,145966253614.7567,52624782737.4948,63.9472950532899,1.1534971625462276,70.19648614800263,0,0,153,4,103,0,58.84615384615385,1.5384615384615383,39.61538461538461,0.0,0.2554077866757609,0.2554077866757609,0.0,0.028926154706054,,,,,5,24,260,1,tle,10,283,10,646,0.8725627964324069,tle
LEO-DRL-inspired,3406.9529438065947,149985.75886922653,259,579.0955940896777,145966253614.7567,46013257972.17267,68.47678361766157,1.0796455485105678,70.90359190224687,0,0,157,20,83,0,60.38461538461539,7.6923076923076925,31.923076923076923,0.0,14.24113077332521,14.24113077332521,0.0,0.0554469221522315,,,,,5,24,260,1,tle,10,283,10,646,0.8728179498385664,tle
Hierarchical-RA-inspired,3413.777808741985,149999.74459221333,259,579.1495930201287,145966253614.7567,52224324932.91458,64.22164463386977,1.1534971625462276,70.19648614800263,0,0,153,4,103,0,58.84615384615385,1.5384615384615383,39.61538461538461,0.0,0.2554077866757609,0.2554077866757609,0.0,0.0161869225289242,,,,,5,24,260,1,tle,10,283,10,646,0.8745663933066987,tle
DRL-UA-inspired,3502.836389468681,149984.94152778664,259,579.0924383312225,145966253614.7567,55839434889.35599,61.744969466209,1.1445659766542424,71.63948190700184,0,0,152,16,92,0,58.46153846153846,6.153846153846154,35.38461538461539,0.0,15.058472213338604,15.058472213338604,0.0,0.0634057700293711,,,,,5,24,260,1,tle,10,283,10,646,0.8973820673496037,tle
QoS-Multihop-projected,3461.7564284177524,149993.78860816,259,579.1265969427027,145966253614.7567,48293595773.33017,66.9145473166766,1.045124686734933,70.19648614800263,0,0,156,5,99,0,60.0,1.9230769230769231,38.07692307692308,0.0,6.21139183999108,6.21139183999108,0.0,0.0186346155645039,,,,,5,24,260,1,tle,10,283,10,646,0.8868579045638805,tle
DelayCost-adapted,3437.457837495442,149993.52160447996,259,579.1255660404631,145966253614.7567,50369685679.4805,65.49223917713245,1.1445659766542198,70.19648614800263,0,0,154,8,98,0,59.23076923076923,3.076923076923077,37.69230769230769,0.0,6.478395520006643,6.478395520006643,0.0,0.0146115383428808,,,,,5,24,260,1,tle,10,283,10,646,0.8806329150607731,tle
Heuristic-TVD,3903.394682060255,149959.95577792,259,578.9959682545174,145966253614.7567,54598254364.50447,62.59528965605734,1.0218073941260324,67.38084744620967,0,0,165,0,95,0,63.46153846153846,0.0,36.53846153846154,0.0,40.04422207999659,40.04422207999659,0.0,0.0149980776208954,,,,,5,24,260,1,tle,10,283,10,646,1.0,tle
Deadline-Energy,3774.828979029692,62201.301042240026,260,239.2357732393847,136511684238.74995,95587835518.94664,29.978275448005032,14.980249660628337,76.74519461481377,0,0,65,2,193,0,25.0,0.7692307692307693,74.23076923076923,0.0,87798.69895776006,87798.69895776006,0.0,0.0110792300592248,,,,,6,24,260,1,tle,10,283,10,646,0.924899527045742,tle
Energy-WSRPT,3548.322958386193,149853.02218303984,258,580.8256673761234,136511684238.74995,46806172193.047806,65.71269891360589,1.1445659766542424,72.73104113690982,0,0,150,20,90,0,57.69230769230769,7.6923076923076925,34.61538461538461,0.0,146.97781695992987,146.97781695992987,0.0,0.0136846153719279,,,,,6,24,260,1,tle,10,283,10,646,0.8694015660705574,tle
ActiveInf-inspired,3688.0015576190167,149991.51363621312,258,581.3624559543144,136511684238.74995,45893677748.31963,66.38113579490046,1.1894509169151812,73.27409879287208,0,0,150,19,91,0,57.69230769230769,7.3076923076923075,35.0,0.0,8.486363786669415,8.486363786669415,0.0,0.0316503849507381,,,,,6,24,260,1,tle,10,283,10,646,0.903625280863077,tle
LEO-DRL-inspired,3730.701413588759,149990.41070351982,258,581.3581810213947,136511684238.74995,48688279995.22723,64.33398337531708,1.1894509169151812,73.28529655351356,0,0,155,9,96,0,59.61538461538461,3.4615384615384617,36.92307692307692,0.0,9.589296480005345,9.589296480005345,0.0,0.057168846811132,,,,,6,24,260,1,tle,10,283,10,646,0.9140874969821996,tle
Hierarchical-RA-inspired,3689.540389943888,149991.51363621312,258,581.3624559543144,136511684238.74995,47866329413.82072,64.93609343350738,1.1894509169151812,73.27409879287208,0,0,150,19,91,0,57.69230769230769,7.3076923076923075,35.0,0.0,8.486363786669415,8.486363786669415,0.0,0.0175342282790762,,,,,6,24,260,1,tle,10,283,10,646,0.9040023218621216,tle
DRL-UA-inspired,3831.9414918736993,149995.28717989317,258,581.3770820926092,136511684238.74995,50540816801.38034,62.976929716149584,1.1587762712800211,70.43279562948733,0,0,155,5,100,0,59.61538461538461,1.9230769230769231,38.46153846153846,0.0,4.712820106667095,4.712820106667095,0.0,0.0615861531024655,,,,,6,24,260,1,tle,10,283,10,646,0.938893097724378,tle
QoS-Multihop-projected,3731.0122816835774,149982.89793018656,258,581.3290617449092,136511684238.74995,50187096650.861465,63.236043177749146,1.1894509169151812,73.07173940014486,0,0,151,3,106,0,58.07692307692308,1.1538461538461535,40.76923076923077,0.0,17.102069813320753,17.102069813320753,0.0,0.0189988475400381,,,,,6,24,260,1,tle,10,283,10,646,0.9141636651359012,tle
DelayCost-adapted,3689.540389943888,149991.51363621312,258,581.3624559543144,136511684238.74995,47866329413.82072,64.93609343350738,1.1894509169151812,73.27409879287208,0,0,150,19,91,0,57.69230769230769,7.3076923076923075,35.0,0.0,8.486363786669415,8.486363786669415,0.0,0.0162030762742058,,,,,6,24,260,1,tle,10,283,10,646,0.9040023218621216,tle
Heuristic-TVD,4081.339506234826,149442.44404074657,260,574.7786309259484,136511684238.74995,44811407109.942696,67.17394019432763,1.068663719582522,59.6264865122556,0,0,166,0,94,0,63.84615384615385,0.0,36.15384615384615,0.0,557.5559592533273,557.5559592533273,0.0,0.014743462536269,,,,,6,24,260,1,tle,10,283,10,646,1.0,tle
Deadline-Energy,3841.703866862346,84471.60335354663,260,324.89078212902547,139247165035.33093,92716456598.64308,33.415910783448766,15.228352328171663,82.87010930503372,0,0,83,1,176,0,31.923076923076923,0.3846153846153846,67.6923076923077,0.0,65528.39664645336,65528.39664645336,0.0,0.0107076924625569,,,,,7,24,260,1,tle,10,283,10,646,0.9703613568961206,tle
Energy-WSRPT,3561.2430898067983,149933.9823122131,258,581.1394663264074,139247165035.33093,48273321268.114105,65.33263621139733,1.1121057625824051,64.16984219567355,0,0,159,16,85,0,61.15384615384615,6.153846153846154,32.69230769230769,0.0,66.01768778666948,66.01768778666948,0.0,0.0129615394353794,,,,,7,24,260,1,tle,10,283,10,646,0.8995208367489926,tle
ActiveInf-inspired,3652.528306675934,149982.54397749322,258,581.327689835245,139247165035.33093,56406968189.09248,59.49147821086307,1.1894509169151812,78.5524571115958,0,0,157,0,103,0,60.38461538461539,0.0,39.61538461538461,0.0,17.456022506699696,17.456022506699696,0.0,0.0285769241879909,,,,,7,24,260,1,tle,10,283,10,646,0.922578222215311,tle
LEO-DRL-inspired,3743.15847176516,149984.51935391975,258,581.3353463330222,139247165035.33093,49002697831.09628,64.80883627421578,1.1445659766542424,71.26662353263306,0,0,162,8,90,0,62.30769230769231,3.076923076923077,34.61538461538461,0.0,15.480646080001804,15.480646080001804,0.0,0.0551165386031453,,,,,7,24,260,1,tle,10,283,10,646,0.9454701506458923,tle
Hierarchical-RA-inspired,3652.528306675934,149982.54397749322,258,581.327689835245,139247165035.33093,56406968189.09248,59.49147821086307,1.1894509169151812,78.5524571115958,0,0,157,0,103,0,60.38461538461539,0.0,39.61538461538461,0.0,17.456022506699696,17.456022506699696,0.0,0.015726538549643,,,,,7,24,260,1,tle,10,283,10,646,0.922578222215311,tle
DRL-UA-inspired,3809.9946366219856,149994.59983290645,258,581.3744179570017,139247165035.33093,52704679890.32466,62.15026720511545,1.1445659766542424,66.29339221326738,0,0,159,3,98,0,61.15384615384615,1.1538461538461535,37.69230769230769,0.0,5.4001670933420485,5.4001670933420485,0.0,0.0608288464718498,,,,,7,24,260,1,tle,10,283,10,646,0.9623520431258488,tle
QoS-Multihop-projected,3671.9712578605913,149991.92932090643,258,581.3640671352963,139247165035.33093,50305372547.21268,63.87332371581943,1.1445659766542424,77.6855910643064,0,0,159,9,92,0,61.15384615384615,3.4615384615384617,35.38461538461539,0.0,8.070679093342989,8.070679093342989,0.0,0.0199873084336734,,,,,7,24,260,1,tle,10,283,10,646,0.9274892432485428,tle
DelayCost-adapted,3652.528306675934,149982.54397749322,258,581.327689835245,139247165035.33093,56406968189.09248,59.49147821086307,1.1894509169151812,78.5524571115958,0,0,157,0,103,0,60.38461538461539,0.0,39.61538461538461,0.0,17.456022506699696,17.456022506699696,0.0,0.0146076927194371,,,,,7,24,260,1,tle,10,283,10,646,0.922578222215311,tle
Heuristic-TVD,3959.044576085287,149991.7065990932,259,579.118558297657,139247165035.33093,52829498415.9917,62.06062909604848,1.1445659766542122,67.90767177821218,0,0,166,1,93,0,63.84615384615385,0.3846153846153846,35.76923076923077,0.0,8.29340090670894,8.29340090670894,0.0,0.0149630766827613,,,,,7,24,260,1,tle,10,283,10,646,1.0,tle
Deadline-Energy,3671.688255100676,69650.02405391996,260,267.88470789969216,147675122448.8456,112633070526.46808,23.72915040887542,21.40239058197397,110.80630406202916,0,0,70,1,189,0,26.923076923076923,0.3846153846153846,72.6923076923077,0.0,80349.97594607998,80349.97594607998,0.0,0.0105476924755538,,,,,8,24,260,1,tle,10,283,10,646,0.9386920477483336,tle
Energy-WSRPT,3459.9907978831848,149895.4808892799,260,576.5210803433841,147675122448.8456,53968059183.72412,63.45487426129032,1.1445659766542424,70.5316990598103,0,0,153,14,93,0,58.84615384615385,5.384615384615385,35.76923076923077,0.0,104.51911071998352,104.51911071998352,0.0,0.0133034617577392,,,,,8,24,260,1,tle,10,283,10,646,0.8845701545449702,tle
ActiveInf-inspired,3485.028348183564,149989.19807631974,260,576.8815310627682,147675122448.8456,57513274792.00431,61.05418851985256,1.2567783273065891,70.5225365170427,0,0,150,19,91,0,57.69230769230769,7.3076923076923075,35.0,0.0,10.801923679920437,10.801923679920437,0.0,0.029700000595767,,,,,8,24,260,1,tle,10,283,10,646,0.8909711743835732,tle
LEO-DRL-inspired,3605.524580688775,149988.1052278933,260,576.8773277995897,147675122448.8456,56915245585.5563,61.45915124920811,1.2567783273065891,76.79125063399275,0,0,151,1,108,0,58.07692307692308,0.3846153846153846,41.53846153846154,0.0,11.894772106579126,11.894772106579126,0.0,0.0556934610358439,,,,,8,24,260,1,tle,10,283,10,646,0.9217768548710564,tle
Hierarchical-RA-inspired,3495.430062512881,149989.19807631974,260,576.8815310627682,147675122448.8456,58785629690.648254,60.19259797058134,1.2567783273065891,70.5225365170427,0,0,150,19,91,0,57.69230769230769,7.3076923076923075,35.0,0.0,10.801923679920437,10.801923679920437,0.0,0.0176438461774243,,,,,8,24,260,1,tle,10,283,10,646,0.8936304433207753,tle
DRL-UA-inspired,3595.7787639715066,149993.76261216,260,576.8990869698462,147675122448.8456,62596853829.98164,57.61178132649589,1.2567783273065891,77.40098003435585,0,0,150,4,106,0,57.69230769230769,1.5384615384615383,40.76923076923077,0.0,6.237387839938975,6.237387839938975,0.0,0.0630292308275014,,,,,8,24,260,1,tle,10,283,10,646,0.9192852706145216,tle
QoS-Multihop-projected,3581.881576542785,149989.73484773334,260,576.8835955682051,147675122448.8456,60037423067.66264,59.34493090502804,1.1894509169151812,70.5316990598103,0,0,155,1,104,0,59.61538461538461,0.3846153846153846,40.0,0.0,10.265152266652905,10.265152266652905,0.0,0.0190576917912739,,,,,8,24,260,1,tle,10,283,10,646,0.9157323602313244,tle
DelayCost-adapted,3492.408748033216,149989.19807631974,260,576.8815310627682,147675122448.8456,58516361119.27214,60.37493644906772,1.2567783273065891,70.5225365170427,0,0,150,19,91,0,57.69230769230769,7.3076923076923075,35.0,0.0,10.801923679920437,10.801923679920437,0.0,0.0158111546904994,,,,,8,24,260,1,tle,10,283,10,646,0.8928580237473357,tle
Heuristic-TVD,3911.4939387289537,146692.33453263997,260,564.2012866639999,147675122448.8456,65416934692.17298,55.70212937197103,1.1445659766542424,67.93118413079094,0,0,159,3,98,0,61.15384615384615,1.1538461538461535,37.69230769230769,0.0,3307.665467359916,3307.665467359916,0.0,0.0146457675817565,,,,,8,24,260,1,tle,10,283,10,646,1.0,tle
Deadline-Energy,3862.782155309361,65294.83820016,260,251.1339930775385,145047080871.27374,103933699835.82591,28.344852435834333,17.283230458310207,85.81569870800476,0,0,71,1,188,0,27.307692307692307,0.3846153846153846,72.3076923076923,0.0,84705.16179984,84705.16179984,0.0,0.0107842313949591,,,,,9,24,260,1,tle,10,283,10,646,0.9255621270798708,tle
Energy-WSRPT,3650.577902911266,149928.09562154658,258,581.116649695917,145047080871.27374,45977197060.80349,68.3018804758937,1.079645548510598,75.63911959440729,0,0,160,8,92,0,61.53846153846154,3.076923076923077,35.38461538461539,0.0,71.90437845331593,71.90437845331593,0.0,0.0133953859823612,,,,,9,24,260,1,tle,10,283,10,646,0.8747158170038514,tle
ActiveInf-inspired,3606.251813162284,149998.5902089065,258,581.3898845306455,145047080871.27374,48983814704.886185,66.2290241136543,1.1445659766542424,77.84406857597828,0,0,158,7,95,0,60.76923076923077,2.6923076923076925,36.53846153846154,0.0,1.4097910932952402,1.4097910932952402,0.0,0.0297950001997658,,,,,9,24,260,1,tle,10,283,10,646,0.8640948323705838,tle
LEO-DRL-inspired,3710.96154387724,149988.17452383976,258,581.3495136582936,145047080871.27374,39904758462.51596,72.48840981644395,1.1121057625824051,82.69640447134509,0,0,167,18,75,0,64.23076923076923,6.923076923076923,28.846153846153847,0.0,11.825476159993684,11.825476159993684,0.0,0.055970769160642,,,,,9,24,260,1,tle,10,283,10,646,0.8891843552040901,tle
Hierarchical-RA-inspired,3606.251813162284,149998.5902089065,258,581.3898845306455,145047080871.27374,48983814704.886185,66.2290241136543,1.1445659766542424,77.84406857597828,0,0,158,7,95,0,60.76923076923077,2.6923076923076925,36.53846153846154,0.0,1.4097910932952402,1.4097910932952402,0.0,0.0162915375907547,,,,,9,24,260,1,tle,10,283,10,646,0.8640948323705838,tle
DRL-UA-inspired,3771.50364782518,149809.82545354645,258,580.6582381920405,145047080871.27374,45569668721.26945,68.5828432757557,1.1121057625824051,85.22963924780593,0,0,159,14,87,0,61.15384615384615,5.384615384615385,33.46153846153846,0.0,190.17454645332407,190.17454645332407,0.0,0.0608657683747319,,,,,9,24,260,1,tle,10,283,10,646,0.9036908627561472,tle
QoS-Multihop-projected,3684.200398144517,149985.76905231993,258,581.3401901252711,145047080871.27374,46561940156.18493,67.8987402735063,1.1121057625824051,75.60062645471213,0,0,160,5,95,0,61.53846153846154,1.9230769230769231,36.53846153846154,0.0,14.230947679970456,14.230947679970456,0.0,0.0182896146165708,,,,,9,24,260,1,tle,10,283,10,646,0.8827721108756263,tle
DelayCost-adapted,3606.251813162284,149998.5902089065,258,581.3898845306455,145047080871.27374,48983814704.886185,66.2290241136543,1.1445659766542424,77.84406857597828,0,0,158,7,95,0,60.76923076923077,2.6923076923076925,36.53846153846154,0.0,1.4097910932952402,1.4097910932952402,0.0,0.0142869230610533,,,,,9,24,260,1,tle,10,283,10,646,0.8640948323705838,tle
Heuristic-TVD,4173.444485565067,149958.97988581323,260,576.7653072531278,145047080871.27374,43743545418.35658,69.84182986958692,0.9832486245364028,69.04075917778425,0,0,175,1,84,0,67.3076923076923,0.3846153846153846,32.30769230769231,0.0,41.02011418662119,41.02011418662119,0.0,0.0148446143542129,,,,,9,24,260,1,tle,10,283,10,646,1.0,tle
