policy,total_value,energy_j,useful_tasks,j_per_task,raw_bits,transmitted_bits,bw_saving,median_latency_min,p95_latency_min,oom_count,energy_violation_count,on_count,pre_count,down_count,drop_count,on_pct,pre_pct,down_pct,drop_pct,residual_energy_j,min_energy_j,energy_overrun_j,mean_decision_ms,lambda_energy_final,lambda_bandwidth_final,lambda_energy_mean,lambda_bandwidth_mean,seed,contact_model,window_count,capacity_gbit,normalized_value
All-Downlink,2608.328853807614,0.0,254,0.0,141896346105.7374,127474006832.71404,10.163996233050444,35.479692026056966,736.9298172144859,0,0,0,0,260,0,0.0,0.0,100.0,0.0,150000.0,150000.0,0.0,0.0002869235826298021,,,,,0,fixed-window,16,296.4693387431484,0.6718181597944738
All-On-Board,2495.4586920317124,149948.95533034668,152,986.5062850680703,141896346105.7374,0.0,100.0,1.2723023214839486,1149.2038027363044,0,108,152,0,0,108,58.46153846153846,0.0,0.0,41.53846153846154,51.044669653337905,51.044669653337905,0.0,0.00032269219026112784,,,,,0,fixed-window,16,296.4693387431484,0.6427465861432843
Fixed-Threshold,3070.2737789215994,94471.08069536008,257,367.5917536784439,141896346105.7374,49934240241.08709,64.80935442560487,8.822536083118454,76.86289261501675,0,0,102,94,64,0,39.23076923076923,36.15384615384615,24.615384615384617,0.0,55528.919304639734,55528.919304639734,0.0,0.0010388456687975961,,,,,0,fixed-window,16,296.4693387431484,0.7907997019659826
Deadline-Energy,3747.037656026518,58049.70900277334,260,223.26811154912824,141896346105.7374,105779966974.30736,25.452649150329123,15.415767963420148,71.4423141796664,0,0,65,0,195,0,25.0,0.0,75.0,0.0,91950.2909972267,91950.2909972267,0.0,0.009094614786310838,,,,,0,fixed-window,16,296.4693387431484,0.9651114118825784
Priority-Aware,3617.477246642703,71807.82541055996,259,277.2502911604632,141896346105.7374,89315751073.92041,37.05563707231426,20.631380747971463,110.33912208829416,0,0,78,12,170,0,30.0,4.615384615384615,65.38461538461539,0.0,78192.17458944001,78192.17458944001,0.0,0.0012792300997087015,,,,,0,fixed-window,16,296.4693387431484,0.9317409894040664
Heuristic-TVD,3882.4923318618953,149952.72988789337,255,588.0499211289936,141896346105.7374,42621549426.45103,69.96289855505471,1.0218073941260324,76.23202046570702,0,0,168,0,92,0,64.61538461538461,0.0,35.38461538461539,0.0,47.27011210666029,47.27011210666029,0.0,0.014147308068529058,,,,,0,fixed-window,16,296.4693387431484,1.0
All-Downlink,2214.3162450861596,0.0,254,0.0,141896346105.7374,132500946904.88548,6.621311583210687,50.475419917613664,188.37091740533216,0,0,0,0,260,0,0.0,0.0,100.0,0.0,150000.0,150000.0,0.0,0.000272691473723031,,,,,0,tle-derived,25,188.74183308892847,0.5707261947613453
All-On-Board,2495.4586920317124,149948.95533034668,152,986.5062850680703,141896346105.7374,0.0,100.0,1.2723023214839486,1149.2038027363044,0,108,152,0,0,108,58.46153846153846,0.0,0.0,41.53846153846154,51.044669653337905,51.044669653337905,0.0,0.0009446149656119255,,,,,0,tle-derived,25,188.74183308892847,0.6431889061230124
Fixed-Threshold,3073.3527940692443,94471.08069536008,259,364.7532073179926,141896346105.7374,54679942310.149025,61.464869384724686,9.100794250704425,88.42341530134239,0,0,102,94,64,0,39.23076923076923,36.15384615384615,24.615384615384617,0.0,55528.919304639734,55528.919304639734,0.0,0.0009915380640170323,,,,,0,tle-derived,25,188.74183308892847,0.7921375048440915
Deadline-Energy,3706.5070528813435,74242.05993642665,260,285.54638437087175,141896346105.7374,102687834277.71008,27.631798072383184,18.2938328705658,101.39133485483057,0,0,76,0,184,0,29.23076923076923,0.0,70.76923076923077,0.0,75757.94006357338,75757.94006357338,0.0,0.01109192358294072,,,,,0,tle-derived,25,188.74183308892847,0.9553290641485345
Priority-Aware,3606.4593692838816,71807.82541055996,260,276.1839438867691,141896346105.7374,96378605730.14479,32.078162422641945,21.524466512367752,115.05619857810778,0,0,78,12,170,0,30.0,4.615384615384615,65.38461538461539,0.0,78192.17458944001,78192.17458944001,0.0,0.0013207702207952165,,,,,0,tle-derived,25,188.74183308892847,0.9295423980022791
Heuristic-TVD,3879.822348108794,149831.9900123734,257,583.0038521882234,141896346105.7374,47171833455.71634,66.75613238091054,1.0451746570634592,69.79858179948845,0,0,166,0,94,0,63.84615384615385,0.0,36.15384615384615,0.0,168.00998762664744,168.00998762664744,0.0,0.014519614566010065,,,,,0,tle-derived,25,188.74183308892847,1.0
All-Downlink,2566.3119925629917,0.0,257,0.0,138183152908.2682,131685291155.26335,4.702354531828057,39.57007844914237,111.89255143557872,0,0,0,0,260,0,0.0,0.0,100.0,0.0,150000.0,150000.0,0.0,0.0002742297231004788,,,,,1,fixed-window,16,296.4693387431484,0.6495524132129163
All-On-Board,2718.6959638506332,149948.73988490662,161,931.358632825507,138183152908.2682,0.0,100.0,1.1894509169151812,1209.5554866509997,0,99,161,0,0,99,61.92307692307692,0.0,0.0,38.07692307692308,51.260115093307604,51.260115093307604,0.0,0.00033538425878549996,,,,,1,fixed-window,16,296.4693387431484,0.6881219155071413
Fixed-Threshold,3067.7537128503677,98632.12012848012,259,380.8189966350584,138183152908.2682,43894861169.01148,68.23428888024378,4.033877747579391,79.0500106006302,0,0,106,97,57,0,40.76923076923077,37.30769230769231,21.923076923076923,0.0,51367.879871519785,51367.879871519785,0.0,0.0009549986526298409,,,,,1,fixed-window,16,296.4693387431484,0.7764709953814897
Deadline-Energy,3857.038359997837,69168.98741205335,260,266.03456696943596,138183152908.2682,97623791629.69403,29.35188583046674,10.28411112853179,72.25500075728323,0,0,72,0,188,0,27.692307692307693,0.0,72.3076923076923,0.0,80831.01258794659,80831.01258794659,0.0,0.009268846882220644,,,,,1,fixed-window,16,296.4693387431484,0.9762447363577478
Priority-Aware,3730.4177721467545,81370.69273706671,260,312.96420283487197,138183152908.2682,83081342987.12921,39.87592464163695,12.934506397489773,79.30292719235098,0,0,87,10,163,0,33.46153846153846,3.8461538461538463,62.69230769230769,0.0,68629.3072629333,68629.3072629333,0.0,0.0012519245501607656,,,,,1,fixed-window,16,296.4693387431484,0.9441961356266385
Heuristic-TVD,3950.892861546158,149571.7581421866,258,579.7354966751418,138183152908.2682,39288217251.275154,71.56801214591164,0.9832486245364028,79.30292719235098,0,0,169,0,91,0,65.0,0.0,35.0,0.0,428.24185781330334,428.24185781330334,0.0,0.013606923256212702,,,,,1,fixed-window,16,296.4693387431484,1.0
All-Downlink,2114.2404399998936,0.0,259,0.0,138183152908.2682,136132237873.40103,1.4842004916682194,65.68862684184205,152.29521110913896,0,0,0,0,260,0,0.0,0.0,100.0,0.0,150000.0,150000.0,0.0,0.00027076916572136374,,,,,1,tle-derived,25,188.74183308892847,0.5266259554390758
All-On-Board,2718.6959638506332,149948.73988490662,161,931.358632825507,138183152908.2682,0.0,100.0,1.1894509169151812,1209.5554866509997,0,99,161,0,0,99,61.92307692307692,0.0,0.0,38.07692307692308,51.260115093307604,51.260115093307604,0.0,0.0005473078300173467,,,,,1,tle-derived,25,188.74183308892847,0.6771868669351868
Fixed-Threshold,3133.0480913104884,98632.12012848012,259,380.8189966350584,138183152908.2682,45908600727.91635,66.77699143368626,3.157587160853457,82.07225679222445,0,0,106,97,57,0,40.76923076923077,37.30769230769231,21.923076923076923,0.0,51367.879871519785,51367.879871519785,0.0,0.0009688470387258208,,,,,1,tle-derived,25,188.74183308892847,0.7803958401831731
Deadline-Energy,3737.4096626199844,66273.10336853331,260,254.8965514174358,138183152908.2682,98798174225.01123,28.502011898224932,15.770853533796041,92.39834126759361,0,0,72,2,186,0,27.692307692307693,0.7692307692307693,71.53846153846153,0.0,83726.89663146666,83726.89663146666,0.0,0.00992653781745153,,,,,1,tle-derived,25,188.74183308892847,0.9309333494938646
Priority-Aware,3691.8476998467545,81370.69273706671,260,312.96420283487197,138183152908.2682,86719497139.69693,37.24307535719279,21.31689103210483,111.04509163474525,0,0,87,10,163,0,33.46153846153846,3.8461538461538463,62.69230769230769,0.0,68629.3072629333,68629.3072629333,0.0,0.0012988464172499685,,,,,1,tle-derived,25,188.74183308892847,0.9195845399057115
Heuristic-TVD,4014.6909170801127,149619.30930117326,259,577.6807308925609,138183152908.2682,44338677668.42206,67.91310898959155,0.9880170542284759,70.35701400159182,0,0,170,1,89,0,65.38461538461539,0.38461538461538464,34.23076923076923,0.0,380.69069882662734,380.69069882662734,0.0,0.013969231692429345,,,,,1,tle-derived,25,188.74183308892847,1.0
All-Downlink,2556.686277673104,0.0,253,0.0,143551818802.25815,133655118349.42921,6.894165838791344,37.746426882901076,754.0107986472566,0,0,0,0,260,0,0.0,0.0,100.0,0.0,150000.0,150000.0,0.0,0.00030923155673707905,,,,,2,fixed-window,16,296.4693387431484,0.6670860468979014
All-On-Board,2606.552789094082,149988.82686965325,159,943.3259551550518,143551818802.25815,0.0,100.0,1.1445659766542349,1232.274889842713,0,101,159,0,0,101,61.15384615384615,0.0,0.0,38.84615384615385,11.173130346692119,11.173130346692119,0.0,0.0003330777802218038,,,,,2,fixed-window,16,296.4693387431484,0.6800971285730003
Fixed-Threshold,3079.685258293876,94538.50614015998,258,366.4283183727131,143551818802.25815,43453490187.54808,69.72975295603531,7.619225395042789,77.43346582313498,0,0,103,90,67,0,39.61538461538461,34.61538461538461,25.76923076923077,0.0,55461.493859840106,55461.493859840106,0.0,0.0010023083842287844,,,,,2,fixed-window,16,296.4693387431484,0.8035460128939919
Deadline-Energy,3772.396708012707,71163.84858981332,260,273.70710996082045,143551818802.25815,100349432288.78314,30.09532507072311,12.860969370166428,71.43436513271442,0,0,71,1,188,0,27.307692307692307,0.38461538461538464,72.3076923076923,0.0,78836.15141018668,78836.15141018668,0.0,0.00930115593991314,,,,,2,fixed-window,16,296.4693387431484,0.9842870551834726
Priority-Aware,3584.112271606004,70468.98847098667,260,271.03457104225646,143551818802.25815,81765352376.60277,43.0412285550808,21.402373422387853,78.4072189003879,0,0,74,15,171,0,28.46153846153846,5.769230769230769,65.76923076923077,0.0,79531.01152901343,79531.01152901343,0.0,0.001314614424840189,,,,,2,fixed-window,16,296.4693387431484,0.9351602141346522
Heuristic-TVD,3832.618429904604,149875.4171290666,254,590.0606973585299,143551818802.25815,42153956555.43225,70.63502440641376,0.7668729075820011,111.32618025258745,0,0,167,0,93,0,64.23076923076923,0.0,35.76923076923077,0.0,124.58287093335002,124.58287093335002,0.0,0.01313576951640873,,,,,2,fixed-window,16,296.4693387431484,1.0
All-Downlink,2439.959400077973,0.0,255,0.0,143551818802.25815,138178452945.40167,3.7431541457919493,47.604833362824806,142.65312484394,0,0,0,0,260,0,0.0,0.0,100.0,0.0,150000.0,150000.0,0.0,0.0002734620536032778,,,,,2,tle-derived,25,188.74183308892847,0.6131473948525019
All-On-Board,2606.552789094082,149988.82686965325,159,943.3259551550518,143551818802.25815,0.0,100.0,1.1445659766542349,1232.274889842713,0,101,159,0,0,101,61.15384615384615,0.0,0.0,38.84615384615385,11.173130346692119,11.173130346692119,0.0,0.00033192291784171876,,,,,2,tle-derived,25,188.74183308892847,0.6550113301588076
Fixed-Threshold,3093.021842720554,94538.50614015998,260,363.6096390006153,143551818802.25815,44723401481.83977,68.84511679824412,6.305016900334582,79.96340984159451,0,0,103,90,67,0,39.61538461538461,34.61538461538461,25.76923076923077,0.0,55461.493859840106,55461.493859840106,0.0,0.0009734621226715927,,,,,2,tle-derived,25,188.74183308892847,0.777258131846533
Deadline-Energy,3676.171568022325,56348.64672000001,260,216.72556430769237,143551818802.25815,104771777132.48755,27.014664107593024,15.516571081644845,88.41497607482745,0,0,61,0,199,0,23.46153846153846,0.0,76.53846153846153,0.0,93651.35328000001,93651.35328000001,0.0,0.010218845832591446,,,,,2,tle-derived,25,188.74183308892847,0.9238002156477253
Priority-Aware,3625.4428050977635,70468.98847098667,260,271.03457104225646,143551818802.25815,86387443184.34837,39.8214220445743,18.258418327027176,93.94083687546333,0,0,74,15,171,0,28.46153846153846,5.769230769230769,65.76923076923077,0.0,79531.01152901343,79531.01152901343,0.0,0.0013334615057549225,,,,,2,tle-derived,25,188.74183308892847,0.9110523769622574
Heuristic-TVD,3979.4010715236373,149459.51245695996,257,581.5545231788325,143551818802.25815,48721544365.42237,66.05996024854548,0.9583279317566242,67.84449887468308,0,0,166,0,94,0,63.84615384615385,0.0,36.15384615384615,0.0,540.4875430400141,540.4875430400141,0.0,0.013906538347677829,,,,,2,tle-derived,25,188.74183308892847,1.0
All-Downlink,2523.31517969433,0.0,255,0.0,145714942829.99643,141823142641.82233,2.670831221966452,40.634583839711894,79.65998313243796,0,0,0,0,260,0,0.0,0.0,100.0,0.0,150000.0,150000.0,0.0,0.0002665382523376208,,,,,3,fixed-window,16,296.4693387431484,0.6330957870596586
All-On-Board,2622.849838318015,149676.17291999998,158,947.3175501265822,145714942829.99643,0.0,100.0,1.1894509169151812,1204.4435298936867,0,102,158,0,0,102,60.76923076923077,0.0,0.0,39.23076923076923,323.82708000001776,323.82708000001776,0.0,0.0003446144266770436,,,,,3,fixed-window,16,296.4693387431484,0.6580688754586711
Fixed-Threshold,3266.09456742782,110267.08696949345,257,429.0548131108695,145714942829.99643,53173078967.439766,63.50883585805194,4.809570752939726,78.33749969722065,0,0,109,78,73,0,41.92307692307692,30.0,28.076923076923077,0.0,39732.913030506636,39732.913030506636,0.0,0.0009942310638367557,,,,,3,fixed-window,16,296.4693387431484,0.8194579604706674
Deadline-Energy,3844.9481927810575,71697.5270752,260,275.75971952000003,145714942829.99643,109056964346.36604,25.157322764350077,15.42668608128982,77.05464053457004,0,0,73,0,187,0,28.076923076923077,0.0,71.92307692307692,0.0,78302.47292479995,78302.47292479995,0.0,0.009670384371509919,,,,,3,fixed-window,16,296.4693387431484,0.9646914194077069
Priority-Aware,3776.5955203922576,77461.86944597335,260,297.9302670998975,145714942829.99643,96411603040.62616,33.83547276060204,16.769847643845956,78.1803292091174,0,0,81,12,167,0,31.153846153846153,4.615384615384615,64.23076923076923,0.0,72538.1305540266,72538.1305540266,0.0,0.0012973076081834733,,,,,3,fixed-window,16,296.4693387431484,0.9475418420295608
Heuristic-TVD,3985.6767826770415,149921.3306329599,257,583.3514810621008,145714942829.99643,48351527943.053314,66.81772850196677,1.0025280093312177,67.95993451600984,0,0,165,0,95,0,63.46153846153846,0.0,36.53846153846154,0.0,78.66936704002819,78.66936704002819,0.0,0.014100769588437218,,,,,3,fixed-window,16,296.4693387431484,1.0
All-Downlink,2323.235458112223,0.0,259,0.0,145714942829.99643,145414382268.13843,0.20626612207415018,57.83691237360908,110.71296939888822,0,0,0,0,260,0,0.0,0.0,100.0,0.0,150000.0,150000.0,0.0,0.0002719223490343071,,,,,3,tle-derived,25,188.74183308892847,0.5652707566298191
All-On-Board,2622.849838318015,149676.17291999998,158,947.3175501265822,145714942829.99643,0.0,100.0,1.1894509169151812,1204.4435298936867,0,102,158,0,0,102,60.76923076923077,0.0,0.0,39.23076923076923,323.82708000001776,323.82708000001776,0.0,0.00033499908078318607,,,,,3,tle-derived,25,188.74183308892847,0.6381704908365794
Fixed-Threshold,3333.4901299578205,110267.08696949345,260,424.1041806518979,145714942829.99643,54615169831.58838,62.51917012017969,1.4220204225675843,72.38677545665138,0,0,109,78,73,0,41.92307692307692,30.0,28.076923076923077,0.0,39732.913030506636,39732.913030506636,0.0,0.0009453840903006494,,,,,3,tle-derived,25,188.74183308892847,0.8110777069106998
Deadline-Energy,3842.9507722901294,60855.477298293335,260,234.059528070359,145714942829.99643,112129696489.97528,23.048594528293908,17.416554522605608,75.3955751135382,0,0,64,1,195,0,24.615384615384617,0.38461538461538464,75.0,0.0,89144.52270170665,89144.52270170665,0.0,0.010458845757127095,,,,,3,tle-derived,25,188.74183308892847,0.9350355269236151
Priority-Aware,3815.263337585866,77461.86944597335,260,297.9302670998975,145714942829.99643,97325050293.56737,33.20860002181442,17.16617449755219,75.41658239883101,0,0,81,12,167,0,31.153846153846153,4.615384615384615,64.23076923076923,0.0,72538.1305540266,72538.1305540266,0.0,0.0019192316148501749,,,,,3,tle-derived,25,188.74183308892847,0.9282988454952354
Heuristic-TVD,4109.951613211877,148537.6642045332,260,571.2987084789739,145714942829.99643,49519593697.639496,66.0161183637746,0.9832486245364028,60.992131325081075,0,0,166,1,93,0,63.84615384615385,0.38461538461538464,35.76923076923077,0.0,1462.3357954666835,1462.3357954666835,0.0,0.014356154133565724,,,,,3,tle-derived,25,188.74183308892847,1.0
All-Downlink,2449.820990927939,0.0,259,0.0,143751290598.0329,136549823818.19585,5.009671043562514,36.22262312100996,726.9090733329451,0,0,0,0,260,0,0.0,0.0,100.0,0.0,150000.0,150000.0,0.0,0.0002596150107610111,,,,,4,fixed-window,16,296.4693387431484,0.6203201779026885
All-On-Board,2530.153665705577,149651.71670047997,153,978.1157954279737,143751290598.0329,0.0,100.0,1.2723023214839486,1154.2811964640387,0,107,153,0,0,107,58.84615384615385,0.0,0.0,41.15384615384615,348.28329952004196,348.28329952004196,0.0,0.0005084616042530307,,,,,4,fixed-window,16,296.4693387431484,0.6406612474314413
Fixed-Threshold,3255.1282785248836,109474.61568725345,260,421.05621418174405,143751290598.0329,48784444087.374435,66.06330010365696,7.165397066344303,78.25919961500782,0,0,110,78,72,0,42.30769230769231,30.0,27.692307692307693,0.0,40525.384312746755,40525.384312746755,0.0,0.0009846149343782319,,,,,4,fixed-window,16,296.4693387431484,0.8242323664904962
Deadline-Energy,3856.879439805607,72710.54138586667,260,279.6559284071795,143751290598.0329,96634432667.29465,32.77665037630138,11.325929860212394,73.14807775617477,0,0,79,1,180,0,30.384615384615383,0.38461538461538464,69.23076923076923,0.0,77289.45861413333,77289.45861413333,0.0,0.009485384977709215,,,,,4,fixed-window,16,296.4693387431484,0.976602024845582
Priority-Aware,3747.2334643115846,79116.98688778667,260,304.29610341456413,143751290598.0329,78843845988.82722,45.15259956218708,14.598307059213402,722.8285196627825,0,0,88,14,158,0,33.84615384615385,5.384615384615385,60.76923076923077,0.0,70883.01311221336,70883.01311221336,0.0,0.001299615206125264,,,,,4,fixed-window,16,296.4693387431484,0.9488385224196342
Heuristic-TVD,3949.284705215973,149888.1055233066,259,578.718554144041,143751290598.0329,39489818184.92574,72.52906876825902,1.0777419947470057,722.8285196627825,0,0,167,0,93,0,64.23076923076923,0.0,35.76923076923077,0.0,111.89447669336346,111.89447669336346,0.0,0.013806922764230806,,,,,4,fixed-window,16,296.4693387431484,1.0
All-Downlink,2080.317853634369,0.0,260,0.0,143751290598.0329,138167619976.2362,3.8842577333167205,62.15773761010635,144.55376750226014,0,0,0,0,260,0,0.0,0.0,100.0,0.0,150000.0,150000.0,0.0,0.0003030765443467177,,,,,4,tle-derived,25,188.74183308892847,0.5109331092060864
All-On-Board,2530.153665705577,149651.71670047997,153,978.1157954279737,143751290598.0329,0.0,100.0,1.2723023214839486,1154.2811964640387,0,107,153,0,0,107,58.84615384615385,0.0,0.0,41.15384615384615,348.28329952004196,348.28329952004196,0.0,0.00034230761229991913,,,,,4,tle-derived,25,188.74183308892847,0.6214143078807302
Fixed-Threshold,3306.271385098312,109474.61568725345,260,421.05621418174405,143751290598.0329,51632003960.26224,64.08240667234136,2.1048105408784674,81.48733853489126,0,0,110,78,72,0,42.30769230769231,30.0,27.692307692307693,0.0,40525.384312746755,40525.384312746755,0.0,0.0009742304637956505,,,,,4,tle-derived,25,188.74183308892847,0.812031447846382
Deadline-Energy,3814.432550931616,67193.68164704,260,258.43723710399996,143751290598.0329,98639928265.83957,31.381535528843894,11.031365251957808,84.51100708255588,0,0,75,2,183,0,28.846153846153847,0.7692307692307693,70.38461538461539,0.0,82806.31835296005,82806.31835296005,0.0,0.010947308552343972,,,,,4,tle-derived,25,188.74183308892847,0.9368375509057815
Priority-Aware,3780.000339713895,79116.98688778667,260,304.29610341456413,143751290598.0329,83698349436.87427,41.775584004377905,15.243430777968538,88.09386136150037,0,0,88,14,158,0,33.84615384615385,5.384615384615385,60.76923076923077,0.0,70883.01311221336,70883.01311221336,0.0,0.0013357696633857603,,,,,4,tle-derived,25,188.74183308892847,0.9283808832366672
Heuristic-TVD,4071.6051008455324,149426.4199604266,260,574.7169998477947,143751290598.0329,43778587753.50127,69.54560368023553,1.0463842652887252,62.50451824663489,0,0,168,0,92,0,64.61538461538461,0.0,35.38461538461539,0.0,573.5800395733736,573.5800395733736,0.0,0.014242308791905928,,,,,4,tle-derived,25,188.74183308892847,1.0
All-Downlink,2624.3317650948316,0.0,259,0.0,145966253614.7567,142154292336.35153,2.611536011923654,32.73609921005294,77.76358537846562,0,0,0,0,260,0,0.0,0.0,100.0,0.0,150000.0,150000.0,0.0,0.0004000000234764929,,,,,5,fixed-window,16,296.4693387431484,0.6665479805185078
All-On-Board,2454.6520370557223,149928.29939221338,153,979.9235254393031,145966253614.7567,0.0,100.0,1.1894509169151812,1280.093058700196,0,107,153,0,0,107,58.84615384615385,0.0,0.0,41.15384615384615,71.70060778667579,71.70060778667579,0.0,0.0003346154699102044,,,,,5,fixed-window,16,296.4693387431484,0.6234514172090625
Fixed-Threshold,3160.25763127706,97302.33349008001,260,374.23974419261543,145966253614.7567,53835526053.87235,63.11782708628088,9.936737857560608,71.94880900971727,0,0,105,89,66,0,40.38461538461539,34.23076923076923,25.384615384615383,0.0,52697.66650991997,52697.66650991997,0.0,0.0010350006050430238,,,,,5,fixed-window,16,296.4693387431484,0.8026665568976984
Deadline-Energy,3736.392823105972,55724.94501317332,260,214.32671158912814,145966253614.7567,115042162606.88376,21.185781125471483,16.026909080403055,71.36271956499577,0,0,59,1,200,0,22.692307692307693,0.38461538461538464,76.92307692307692,0.0,94275.05498682667,94275.05498682667,0.0,0.009237307956657158,,,,,5,fixed-window,16,296.4693387431484,0.948997807285672
Priority-Aware,3721.6376738607496,81787.42338042668,260,314.5670130016411,145966253614.7567,97435093163.56842,33.24820583480533,16.058096002124003,74.03864247899895,0,0,85,9,166,0,32.69230769230769,3.4615384615384617,63.84615384615385,0.0,68212.57661957334,68212.57661957334,0.0,0.0013011543510051875,,,,,5,fixed-window,16,296.4693387431484,0.9452501809137079
Heuristic-TVD,3937.198584043962,149787.40836597333,259,578.3297620307851,145966253614.7567,52641966177.041336,63.935522853126514,0.9832486245364028,61.70983823207116,0,0,166,0,94,0,63.84615384615385,0.0,36.15384615384615,0.0,212.5916340266608,212.5916340266608,0.0,0.013501155123007126,,,,,5,fixed-window,16,296.4693387431484,1.0
All-Downlink,1900.5227881226142,0.0,259,0.0,145966253614.7567,143503241658.7327,1.6873845118506314,70.53013633163562,202.857381725444,0,0,0,0,260,0,0.0,0.0,100.0,0.0,150000.0,150000.0,0.0,0.0002769222751689645,,,,,5,tle-derived,25,188.74183308892847,0.48688973135545116
All-On-Board,2454.6520370557223,149928.29939221338,153,979.9235254393031,145966253614.7567,0.0,100.0,1.1894509169151812,1280.093058700196,0,107,153,0,0,107,58.84615384615385,0.0,0.0,41.15384615384615,71.70060778667579,71.70060778667579,0.0,0.0003365383376009189,,,,,5,tle-derived,25,188.74183308892847,0.6288505869870504
Fixed-Threshold,3145.693002313736,97302.33349008001,260,374.23974419261543,145966253614.7567,54267189837.03432,62.82209860625751,10.122223768458873,80.9398358227784,0,0,105,89,66,0,40.38461538461539,34.23076923076923,25.384615384615383,0.0,52697.66650991997,52697.66650991997,0.0,0.000995384694900937,,,,,5,tle-derived,25,188.74183308892847,0.8058864804963571
Deadline-Energy,3670.1513114283534,72900.16571664001,260,280.38525275630775,145966253614.7567,106428106618.06863,27.087183521911605,23.510053271355595,105.98363565617304,0,0,78,1,181,0,30.0,0.38461538461538464,69.61538461538461,0.0,77099.83428336002,77099.83428336002,0.0,0.010807691992690356,,,,,5,tle-derived,25,188.74183308892847,0.9402460192652634
Priority-Aware,3569.2324633042995,81787.42338042668,260,314.5670130016411,145966253614.7567,98784042485.94958,32.32405433473231,32.38600346033199,117.03683784361046,0,0,85,9,166,0,32.69230769230769,3.4615384615384617,63.84615384615385,0.0,68212.57661957334,68212.57661957334,0.0,0.0013269228824915795,,,,,5,tle-derived,25,188.74183308892847,0.9143918957793986
Heuristic-TVD,3903.394682060255,149959.95577792,259,578.9959682545174,145966253614.7567,54598254364.50447,62.59528965605734,1.0218073941260324,67.38084744620967,0,0,165,0,95,0,63.46153846153846,0.0,36.53846153846154,0.0,40.04422207999659,40.04422207999659,0.0,0.014575384221433733,,,,,5,tle-derived,25,188.74183308892847,1.0
All-Downlink,2656.6870243738504,0.0,257,0.0,136511684238.74997,125544697380.47523,8.033734928575198,35.892371621477345,112.48918967135168,0,0,0,0,260,0,0.0,0.0,100.0,0.0,150000.0,150000.0,0.0,0.0002792312163644685,,,,,6,fixed-window,16,296.4693387431484,0.6716396615968278
All-On-Board,2566.6595851616535,149652.1489362133,150,997.6809929080888,136511684238.74997,0.0,100.0,1.2645403243952993,1209.4404617080772,0,110,150,0,0,110,57.69230769230769,0.0,0.0,42.30769230769231,347.8510637866695,347.8510637866695,0.0,0.0003473074264967671,,,,,6,fixed-window,16,296.4693387431484,0.648879736075996
Fixed-Threshold,3188.616449032397,99648.48075525332,258,386.2344215319896,136511684238.74997,44829547598.12704,67.16065159688227,3.3926807072806695,75.48668826362353,0,0,105,89,66,0,40.38461538461539,34.23076923076923,25.384615384615383,0.0,50351.51924474671,50351.51924474671,0.0,0.0010707696604255873,,,,,6,fixed-window,16,296.4693387431484,0.8061172630204523
Deadline-Energy,3774.4549894033107,59623.26823472,260,229.32026244123077,136511684238.74997,94917012113.92496,30.46967910239732,14.60893868356937,73.92129724806482,0,0,66,1,193,0,25.384615384615383,0.38461538461538464,74.23076923076923,0.0,90376.73176528004,90376.73176528004,0.0,0.009806154188341819,,,,,6,fixed-window,16,296.4693387431484,0.954223681049816
Priority-Aware,3607.574591128856,72969.55644367999,260,280.65214016799996,136511684238.74997,79932607445.38664,41.446325352202265,21.359685439153196,77.95723821033201,0,0,77,17,166,0,29.615384615384617,6.538461538461538,63.84615384615385,0.0,77030.44355632007,77030.44355632007,0.0,0.001414614178849241,,,,,6,fixed-window,16,296.4693387431484,0.9120344833024391
Heuristic-TVD,3955.5243328804604,149715.49098826657,257,582.550548592477,136511684238.74997,41220788579.558304,69.80420481263285,1.1445659766542198,75.21373487501121,0,0,166,0,94,0,63.84615384615385,0.0,36.15384615384615,0.0,284.50901173332545,284.50901173332545,0.0,0.013396923000422807,,,,,6,fixed-window,16,296.4693387431484,1.0
All-Downlink,2426.322972918239,0.0,258,0.0,136511684238.74997,129840107433.91086,4.887183717674281,47.05226646442745,111.13454559602535,0,0,0,0,260,0,0.0,0.0,100.0,0.0,150000.0,150000.0,0.0,0.0002796153869264974,,,,,6,tle-derived,25,188.74183308892847,0.594491825345989
All-On-Board,2566.6595851616535,149652.1489362133,150,997.6809929080888,136511684238.74997,0.0,100.0,1.2645403243952993,1209.4404617080772,0,110,150,0,0,110,57.69230769230769,0.0,0.0,42.30769230769231,347.8510637866695,347.8510637866695,0.0,0.0003326921544682521,,,,,6,tle-derived,25,188.74183308892847,0.6288767649054229
Fixed-Threshold,3168.692313884044,99648.48075525332,259,384.743168939202,136511684238.74997,45993217315.892654,66.30821927634155,8.827339285632448,75.30641378376164,0,0,105,89,66,0,40.38461538461539,34.23076923076923,25.384615384615383,0.0,50351.51924474671,50351.51924474671,0.0,0.0009530779117575058,,,,,6,tle-derived,25,188.74183308892847,0.7763853776544236
Deadline-Energy,3774.828979029692,62201.301042240026,260,239.2357732393847,136511684238.74997,95587835518.94664,29.978275448005032,14.980249660628335,76.74519461481377,0,0,65,2,193,0,25.0,0.7692307692307693,74.23076923076923,0.0,87798.69895776006,87798.69895776006,0.0,0.010471922220089115,,,,,6,tle-derived,25,188.74183308892847,0.9248995270457419
Priority-Aware,3678.89576645798,72969.55644367999,260,280.65214016799996,136511684238.74997,84020602686.26912,38.45171337911075,20.43729534885958,79.90159975479514,0,0,77,17,166,0,29.615384615384617,6.538461538461538,63.84615384615385,0.0,77030.44355632007,77030.44355632007,0.0,0.001282307046214835,,,,,6,tle-derived,25,188.74183308892847,0.9013942017903543
Heuristic-TVD,4081.339506234826,149442.44404074657,260,574.7786309259484,136511684238.74997,44811407109.942696,67.17394019432763,1.068663719582522,59.626486512255596,0,0,166,0,94,0,63.84615384615385,0.0,36.15384615384615,0.0,557.5559592533273,557.5559592533273,0.0,0.014601538714487106,,,,,6,tle-derived,25,188.74183308892847,1.0
All-Downlink,2565.0205224621127,0.0,254,0.0,139247165035.33093,133818130750.98091,3.8988472641238503,34.17696786011753,78.97394509599184,0,0,0,0,260,0,0.0,0.0,100.0,0.0,150000.0,150000.0,0.0,0.0002688458502794114,,,,,7,fixed-window,16,296.4693387431484,0.6246863561089259
All-On-Board,2701.892088043181,149982.54397749322,157,955.3028278821224,139247165035.33093,0.0,100.0,1.2567783273065893,1238.8769180690326,0,103,157,0,0,103,60.38461538461539,0.0,0.0,39.61538461538461,17.456022506699696,17.456022506699696,0.0,0.0003342311874103661,,,,,7,fixed-window,16,296.4693387431484,0.6580201243220901
Fixed-Threshold,3210.4606177632318,103787.05425642672,258,402.27540409467724,139247165035.33093,46749516509.30801,66.42695275164392,8.835301087292965,72.80963503318573,0,0,105,100,55,0,40.38461538461539,38.46153846153846,21.153846153846153,0.0,46212.94574357334,46212.94574357334,0.0,0.0011226926849653514,,,,,7,fixed-window,16,296.4693387431484,0.7818771534882906
Deadline-Energy,3883.0840761585364,71262.57109365333,260,274.08681189866667,139247165035.33093,99881808965.40207,28.270131072284855,11.838968943251544,68.4461327724551,0,0,71,0,189,0,27.307692307692307,0.0,72.6923076923077,0.0,78737.42890634667,78737.42890634667,0.0,0.009249999241616864,,,,,7,fixed-window,16,296.4693387431484,0.9456882004482678
Priority-Aware,3909.780591382479,101200.58414975999,260,389.2330159606154,139247165035.33093,77464709916.8403,44.36891415549802,9.247300119530852,72.90775365767003,0,0,101,16,143,0,38.84615384615385,6.153846153846154,55.0,0.0,48799.41585024003,48799.41585024003,0.0,0.0013653852735072947,,,,,7,fixed-window,16,296.4693387431484,0.9521898828597767
Heuristic-TVD,4106.0933977159775,149688.3898704532,258,580.1875576374155,139247165035.33093,47359515028.27628,65.98888385536623,1.0218073941260437,59.41933453479224,0,0,169,1,90,0,65.0,0.38461538461538464,34.61538461538461,0.0,311.6101295466981,311.6101295466981,0.0,0.014321538821185151,,,,,7,fixed-window,16,296.4693387431484,1.0
All-Downlink,2140.274470433187,0.0,258,0.0,139247165035.33093,136348672321.66896,2.0815452242252452,52.75601382235803,137.0898738034231,0,0,0,0,260,0,0.0,0.0,100.0,0.0,150000.0,150000.0,0.0,0.00027499985522948776,,,,,7,tle-derived,25,188.74183308892847,0.5406037818724172
All-On-Board,2701.892088043181,149982.54397749322,157,955.3028278821224,139247165035.33093,0.0,100.0,1.2567783273065893,1238.8769180690326,0,103,157,0,0,103,60.38461538461539,0.0,0.0,39.61538461538461,17.456022506699696,17.456022506699696,0.0,0.0003730767415478252,,,,,7,tle-derived,25,188.74183308892847,0.682460638196405
Fixed-Threshold,3182.7677677545757,103787.05425642672,259,400.7222172062808,139247165035.33093,47297532631.069756,66.03339635742743,7.184317193957698,80.75569928788437,0,0,105,100,55,0,40.38461538461539,38.46153846153846,21.153846153846153,0.0,46212.94574357334,46212.94574357334,0.0,0.001261154382238881,,,,,7,tle-derived,25,188.74183308892847,0.803923195757928
Deadline-Energy,3841.703866862346,84471.60335354663,260,324.89078212902547,139247165035.33093,92716456598.64308,33.415910783448766,15.228352328171665,82.87010930503372,0,0,83,1,176,0,31.923076923076923,0.38461538461538464,67.6923076923077,0.0,65528.39664645336,65528.39664645336,0.0,0.010892692080233246,,,,,7,tle-derived,25,188.74183308892847,0.9703613568961206
Priority-Aware,3849.328732926218,101200.58414975999,260,389.2330159606154,139247165035.33093,78034591738.1418,43.95965496436338,8.81931436898158,83.38545246730156,0,0,101,16,143,0,38.84615384615385,6.153846153846154,55.0,0.0,48799.41585024003,48799.41585024003,0.0,0.0013342304065680276,,,,,7,tle-derived,25,188.74183308892847,0.9722872927923544
Heuristic-TVD,3959.044576085287,149991.7065990932,259,579.118558297657,139247165035.33093,52829498415.9917,62.06062909604848,1.1445659766542122,67.90767177821218,0,0,166,1,93,0,63.84615384615385,0.38461538461538464,35.76923076923077,0.0,8.29340090670894,8.29340090670894,0.0,0.014363076367702048,,,,,7,tle-derived,25,188.74183308892847,1.0
All-Downlink,2533.5936614346742,0.0,256,0.0,147675122448.8456,136992547483.91032,7.233835183468839,31.06743035179552,79.44232709372092,0,0,0,0,260,0,0.0,0.0,100.0,0.0,150000.0,150000.0,0.0,0.00026384614802037296,,,,,8,fixed-window,16,296.4693387431484,0.6601360598268278
All-On-Board,2392.2520581169592,149649.83337631993,150,997.6655558421329,147675122448.8456,0.0,100.0,1.279891391770161,1254.5592709639975,0,110,150,0,0,110,57.69230769230769,0.0,0.0,42.30769230769231,350.1666236799206,350.1666236799206,0.0,0.0003350002001612805,,,,,8,fixed-window,16,296.4693387431484,0.6233090458805867
Fixed-Threshold,3052.4337548465774,100434.51246607995,258,389.28105607007734,147675122448.8456,50189131471.694786,66.01382098797298,7.909545745180791,77.9508158178969,0,0,98,103,59,0,37.69230769230769,39.61538461538461,22.692307692307693,0.0,49565.487533920204,49565.487533920204,0.0,0.0010053854426727272,,,,,8,fixed-window,16,296.4693387431484,0.7953215318141431
Deadline-Energy,3807.586330320566,73051.95887727995,260,280.96907260492287,147675122448.8456,107986139264.03853,26.87587626585871,10.647973555536677,74.23923498141562,0,0,72,1,187,0,27.692307692307693,0.38461538461538464,71.92307692307692,0.0,76948.04112272005,76948.04112272005,0.0,0.0092542312743787,,,,,8,fixed-window,16,296.4693387431484,0.9920789887534683
Priority-Aware,3757.5334994027057,87253.41095210667,259,336.88575657184043,147675122448.8456,91277240214.14523,38.19050988377308,11.816140087959745,78.44504524348606,0,0,85,8,167,0,32.69230769230769,3.076923076923077,64.23076923076923,0.0,62746.589047893365,62746.589047893365,0.0,0.0013065396790177776,,,,,8,fixed-window,16,296.4693387431484,0.9790375610422131
Heuristic-TVD,3837.9870690586226,149719.9602573866,257,582.567938744695,147675122448.8456,61385932170.2414,58.43177161305191,1.1445659766542424,75.53968085804092,0,0,155,0,105,0,59.61538461538461,0.0,40.38461538461539,0.0,280.0397426132629,280.0397426132629,0.0,0.013086537924559357,,,,,8,fixed-window,16,296.4693387431484,1.0
All-Downlink,2064.718671296459,0.0,260,0.0,147675122448.8456,143180110755.47647,3.0438516784885072,65.81482317826,159.49226737689958,0,0,0,0,260,0,0.0,0.0,100.0,0.0,150000.0,150000.0,0.0,0.0002911539363244978,,,,,8,tle-derived,25,188.74183308892847,0.5278593559491473
All-On-Board,2392.2520581169592,149649.83337631993,150,997.6655558421329,147675122448.8456,0.0,100.0,1.279891391770161,1254.5592709639975,0,110,150,0,0,110,57.69230769230769,0.0,0.0,42.30769230769231,350.1666236799206,350.1666236799206,0.0,0.0003746146551118447,,,,,8,tle-derived,25,188.74183308892847,0.6115954915410978
Fixed-Threshold,3018.99721179441,100434.51246607995,260,386.2865864079998,147675122448.8456,53429314014.78048,63.81969208572128,13.653415713773636,90.84649547505742,0,0,98,103,59,0,37.69230769230769,39.61538461538461,22.692307692307693,0.0,49565.487533920204,49565.487533920204,0.0,0.0012226926628500223,,,,,8,tle-derived,25,188.74183308892847,0.7718271481651428
Deadline-Energy,3671.6882551006756,69650.02405391996,260,267.88470789969216,147675122448.8456,112633070526.46808,23.72915040887542,21.40239058197397,110.80630406202917,0,0,70,1,189,0,26.923076923076923,0.38461538461538464,72.6923076923077,0.0,80349.97594607998,80349.97594607998,0.0,0.010411538152346531,,,,,8,tle-derived,25,188.74183308892847,0.9386920477483334
Priority-Aware,3636.3760792050384,87253.41095210667,260,335.5900421234872,147675122448.8456,96001517399.28963,34.99140829726118,26.157829496976834,123.83037743438216,0,0,85,8,167,0,32.69230769230769,3.076923076923077,64.23076923076923,0.0,62746.589047893365,62746.589047893365,0.0,0.0013826915304749631,,,,,8,tle-derived,25,188.74183308892847,0.9296642500708271
Heuristic-TVD,3911.4939387289537,146692.33453263997,260,564.2012866639999,147675122448.8456,65416934692.17298,55.70212937197103,1.1445659766542424,67.93118413079094,0,0,159,3,98,0,61.15384615384615,1.1538461538461537,37.69230769230769,0.0,3307.665467359916,3307.665467359916,0.0,0.01414653995128062,,,,,8,tle-derived,25,188.74183308892847,1.0
All-Downlink,2555.748586379738,0.0,256,0.0,145047080871.27374,138274748222.04004,4.669058217892719,37.4960716972247,80.08159020947357,0,0,0,0,260,0,0.0,0.0,100.0,0.0,150000.0,150000.0,0.0,0.0002888461145070883,,,,,9,fixed-window,16,296.4693387431484,0.6355344334468682
All-On-Board,2638.3301762790907,149873.5611089066,158,948.5668424614342,145047080871.27374,0.0,100.0,1.1894509169151812,1147.0703465055208,0,102,158,0,0,102,60.76923076923077,0.0,0.0,39.23076923076923,126.43889109329524,126.43889109329524,0.0,0.0003519236298206334,,,,,9,fixed-window,16,296.4693387431484,0.6560698821328325
Fixed-Threshold,3417.104630458127,102460.60073781348,259,395.60077504947293,145047080871.27374,44879980875.95698,69.058335675306,1.2723023214840092,75.09492307096168,0,0,116,86,58,0,44.61538461538461,33.07692307692308,22.307692307692307,0.0,47539.39926218667,47539.39926218667,0.0,0.0010219224630138623,,,,,9,fixed-window,16,296.4693387431484,0.8497266385748485
Deadline-Energy,3987.9015633096137,64223.37783562667,260,247.0129916754872,145047080871.27374,102072848551.6437,29.62778158753072,10.752650312716167,66.8191582745461,0,0,72,0,188,0,27.692307692307693,0.0,72.3076923076923,0.0,85776.62216437332,85776.62216437332,0.0,0.009886923138625346,,,,,9,fixed-window,16,296.4693387431484,0.9916659151008066
Priority-Aware,3933.4652272263816,80627.39004437336,260,310.10534632451294,145047080871.27374,88415641780.66504,39.04348763893285,11.438537449130916,76.80100423138477,0,0,88,6,166,0,33.84615384615385,2.3076923076923075,63.84615384615385,0.0,69372.60995562666,69372.60995562666,0.0,0.001356154098175466,,,,,9,fixed-window,16,296.4693387431484,0.9781293073937917
Heuristic-TVD,4021.416388909796,149539.87916986653,257,581.8672341239943,145047080871.27374,40555041023.97266,72.04008465364124,0.9832486245364028,70.43976702267629,0,0,172,1,87,0,66.15384615384616,0.38461538461538464,33.46153846153846,0.0,460.12083013330334,460.12083013330334,0.0,0.014981538361798111,,,,,9,fixed-window,16,296.4693387431484,1.0
All-Downlink,2300.4263798531656,0.0,258,0.0,145047080871.27374,141198274380.22296,2.653487728213244,56.479420399037856,116.34596956742074,0,0,0,0,260,0,0.0,0.0,100.0,0.0,150000.0,150000.0,0.0,0.00028961535113362165,,,,,9,tle-derived,25,188.74183308892847,0.551205697789867
All-On-Board,2638.3301762790907,149873.5611089066,158,948.5668424614342,145047080871.27374,0.0,100.0,1.1894509169151812,1147.0703465055208,0,102,158,0,0,102,60.76923076923077,0.0,0.0,39.23076923076923,126.43889109329524,126.43889109329524,0.0,0.00035384549007106287,,,,,9,tle-derived,25,188.74183308892847,0.6321709047297587
Fixed-Threshold,3405.4357049871483,102460.60073781348,260,394.0792336069749,145047080871.27374,45484744940.1955,68.64139238999076,1.484204848270474,78.26378369749283,0,0,116,86,58,0,44.61538461538461,33.07692307692308,22.307692307692307,0.0,47539.39926218667,47539.39926218667,0.0,0.000985384842631622,,,,,9,tle-derived,25,188.74183308892847,0.8159772381699876
Deadline-Energy,3862.7821553093613,65294.838200160004,260,251.13399307753846,145047080871.27374,103933699835.82591,28.344852435834333,17.283230458310207,85.81569870800476,0,0,71,1,188,0,27.307692307692307,0.38461538461538464,72.3076923076923,0.0,84705.16179984,84705.16179984,0.0,0.010913846199400723,,,,,9,tle-derived,25,188.74183308892847,0.925562127079871
Priority-Aware,3843.503973072365,80627.39004437336,260,310.10534632451294,145047080871.27374,89617542672.20874,38.214859524306846,21.67880601951086,88.04572875481846,0,0,88,6,166,0,33.84615384615385,2.3076923076923075,63.84615384615385,0.0,69372.60995562666,69372.60995562666,0.0,0.0013699997977640193,,,,,9,tle-derived,25,188.74183308892847,0.9209428773681101
Heuristic-TVD,4173.444485565067,149958.97988581323,260,576.7653072531278,145047080871.27374,43743545418.35658,69.84182986958692,0.9832486245364028,69.04075917778425,0,0,175,1,84,0,67.3076923076923,0.38461538461538464,32.30769230769231,0.0,41.020114186621186,41.020114186621186,0.0,0.015068076027091593,,,,,9,tle-derived,25,188.74183308892847,1.0
